Address,DATE,company,editor,title,classification1,classification2,contents
http://www.bigkinds.or.kr/news/newsDetailView.do newsId=02100501.20200812181530001,20200812,파이낸셜뉴스,조지민,장마에 코로나 이중고… 호객소리 멈춘 시장엔 적막만 흘러 [현장르포],사회>사건_사고,,상인들 ..상점들 휴가기간이지만 .. ..확진자 때문에 손님 더 없어 한숨 .. ..외곽에 자리한 일부 가게만 오픈 .. .. .. .. .. .. .. .. .. .. .. .. .. .. .. .. .. .. .. 남대문 시장 중앙상가에서 코로나19 확진자가 발생한 가운데 서울 중구 중앙상가 앞에서 시민들이 발걸음을 옮기고 있다... 서울시는 이..
http://www.bigkinds.or.kr/news/newsDetailView.do newsId=02100101.20200812144247001,20200812,매일경제,,"이만희 총회장 측, 법원에 구속적부심 청구…내일 심사",사회>사건_사고,,정부의 코로나19 방역 활동을 방해한 혐의로 구속된 이만희(89) 신천지예수교증거막성전(신천지) 총회장 측이 12일 구속이 합당한지 다시 판단해달라고 수원지법에 구속적부심사를 청구했다. ..구속적부심은 구속된 피의자가 구속의 적법성과 필요성 등을 다투며 법원에 재차 판단을 구하는 절차다. ..이 총회장에 대한 구속적부심은 13일 오전 수원지법 형사11부..
http://www.bigkinds.or.kr/news/newsDetailView.do newsId=01100501.20200812120004006,20200812,문화일보,권도경,‘檢 리스크’ 시달리는 삼성…“다른 기업이면 이미 망해”,사회>사건_사고,,"‘이재용 기소여부’ 48일째 표류 .. ..李부회장, 악재에도 현장 경영 .. .. .. ..재계 ..“수사심의委 권고 수용해 .. ..경영 불확실성 없애줘야” 비판 .. .. .. ..이재용 삼성전자 부회장의 경영권 불법 승계 의혹 수사에 대한 검찰 결론이 48일째 표류하면서 재계에서는 ..‘포스트 코로나 시대에 대비해야 하는 기업의 경영 불확실성만 .."
http://www.bigkinds.or.kr/news/newsDetailView.do newsId=01500401.20200812222104001,20200812,국제신문,임동우 기자 guardian@kookje.co.kr,미스터트롯 콘서트 표 사기 피해 속출,사회>사건_사고,,중고 거래 사이트에서 올라온 콘서트 표 판매 글에 속았다는 피해자가 속출해 경찰이 수사에 나섰다. .. ..부산 북부경찰서는 미스터트롯 콘서트 피해자 모임으로부터 집단 사기를 당했다는 내용의 고소장을 접수했다고 11일 밝혔다... 이날 접수된 피해 건수는 모두 5건으로 피해액은 270만 원 상당이다... 고소장 내용을 종합하면 피의자 A 씨는 지난 2월..
http://www.bigkinds.or.kr/news/newsDetailView.do newsId=02100201.20200813210130001,20200813,머니투데이,이원광|기자|,이만희 '구속적부심' 기각…法 구속 계속 필요,사회>사건_사고,,[머니투데이 이원광 기자] 이만희 신천지예수교 증거장막성전(신천지) 총회장이 지난 3월2일 오후 경기도 가평군에 위치한 연수원 평화의 궁전에서 기자회견을 열고 공식입장을 발표했다... 이만희 총회장은 이날 기자회견에서 코로나19 확산 사태에 대해 두 차례 무릎을 꿇고 큰절을 하며 사과했다.회견을 마친 뒤 이어진 질의응답에서 ..'영생불사한다고 생각하느냐..
http://www.bigkinds.or.kr/news/newsDetailView.do newsId=02100601.20200813103352001,20200813,한국경제,양길성(vertigo@hankyung.com);,코로나 자가격리 어긴 유럽파 축구선수 벌금 700만원,사회>사건_사고,,신종 코로나바이러스 감염증(코로나19) 자가격리 조치를 수차례 위반한 혐의로 재판에 넘겨진 유럽 프로축구리그 선수 A씨가 1심에서 벌금 700만원을 선고 받았다... .. .. .. .. 서울서부지방법원 형사7단독 유창훈 판사는 13일 감염병 예방 및 관리에 관한 법률 위반 혐의로 기소한 A씨에게 이같이 선고했다... 그는 오스트리아 레기오날리가(프로축..
http://www.bigkinds.or.kr/news/newsDetailView.do newsId=01100201.20200813164149001,20200813,국민일보,서승진,코로나19 역학조사 동선 숨긴 50대 무죄,사회>사건_사고,,신종 코로나바이러스감염증(코로나19) 역학조사에서 일부 동선을 숨긴 혐의로 재판에 넘겨진 50대가 무죄를 선고받았다... .. .. .. ..춘천지법 원주지원 형사1단독 오승준 판사는 13일 감염병의 예방 및 관리에 관한 법률 위반 혐의로 기소된 A씨(56)에게 무죄를 선고했다... .. .. .. ..지난 3월 코로나19 확진 판정을 받은 A씨는 보건..
http://www.bigkinds.or.kr/news/newsDetailView.do newsId=08100401.20200813165603001,20200813,YTN,안윤학,다크웹' 이용 마약사범 395명 검거...전문수사팀 꾸려 수사 강화,사회>사건_사고,,[앵커] ..특수 브라우저를 이용해야 접속할 수 있는 온라인상 어둠의 공간 ..'다크웹'이 마약 거래 온상이 되고 있습니다. .. ..다크웹에서 마약류를 팔다 검거된 피의자가 올해만 400명 가까이 이르자 경찰이 전담수사팀을 꾸려 단속을 강화하기로 했습니다. .. ..안윤학 기자의 보도입니다. .. ..[기자] ..경기도 고양시 주택. .. ..붉은 조..
http://www.bigkinds.or.kr/news/newsDetailView.do newsId=08100401.20200813141604001,20200813,YTN,손효정,신천지 이만희 총회장 심문 종료...이르면 오늘 오후 결과 발표,사회>사건_사고,,"코로나19 방역 활동을 방해한 혐의 등으로 구속된 신천지 이만희 총회장이 청구한 구속 적부심사 심문이 종료됐습니다. .. ..수원지방법원은 오늘(13일) 오전 10시부터 감염병예방법 위반과 횡령, 업무방해 혐의 등을 받는 이 총회장에 대한 구속 적부심사를 열고, 피의자 심문 과정을 3시간 반 넘게 진행했습니다. .. ..구속적부심은 구속된 피의자가 구속.."
http://www.bigkinds.or.kr/news/newsDetailView.do newsId=08100401.20200813232003001,20200813,YTN,안윤학,다크웹' 이용 마약사범 395명 검거...전문수사팀 꾸려 수사 강화,사회>사건_사고,,[앵커] ..특수 브라우저를 이용해야 접속할 수 있는 온라인상 어둠의 공간 ..'다크웹'이 마약 거래 온상이 되고 있습니다. .. ..다크웹에서 마약류를 팔다 검거된 피의자가 올해만 400명 가까이 이르자 경찰이 전담수사팀을 꾸려 단속을 강화하기로 했습니다. .. ..안윤학 기자의 보도입니다. .. ..[기자] ..경기도 고양시 주택. .. ..붉은 조..
http://www.bigkinds.or.kr/news/newsDetailView.do newsId=08100401.20200813073404001,20200813,YTN,YTN,"[오늘은] 의료계 파업 D-1...정부, 대국민 담화 발표",사회>사건_사고,,"의료계의 파업을 하루 앞두고 정부가 오늘, 대국민 담화를 발표합니다. .. ..협의체 안에서 대화를 통해 갈등을 풀자고 다시 한 번 제안할 것으로 보입니다. .. ..하지만 의대 정원을 늘려야 한다는 정부와, 안 된다는 의료계가 오늘 중에 합의점을 찾기는 쉽지 않을 거라는 전망이 많습니다. .. ..대국민 담화 내용 이어지는 뉴스에서 전해드립니다. .."
http://www.bigkinds.or.kr/news/newsDetailView.do newsId=01400501.20200813164149001,20200813,중부일보,홍지예,[속보] 수원서 코로나19 117번 확진자 발생…관외 거주자,사회>사건_사고,,수원서 코로나19 117번 확진자 발생…관외 거주자
http://www.bigkinds.or.kr/news/newsDetailView.do newsId=01100901.20200813173153001,20200813,중앙일보,함민정(ham.minjung@joongang.co.kr),코로나 감염에 공황 상태 동선 일부 숨긴 혐의 50대 무죄,사회>사건_사고,,신종 코로나바이러스 감염증(코로나19) 확진 판정을 받은 뒤 방문한 동선 일부를 숨긴 혐의로 재판에 넘겨진 50대가 무죄를 선고받았다... ..“코로나19 확진으로 공황 상태에 빠져 기억하지 못했다”는 피고인의 주장을 법원이 받아들이면서다... .. .. .. .. 13일 춘천지법 원주지원 형사1단독 오승준 판사는 감염병의 예방 및 관리에 관한 법률 위..
http://www.bigkinds.or.kr/news/newsDetailView.do newsId=01400501.20200814145753001,20200814,중부일보,홍지예,수도권 교회 코로나19 감염 확산…용인 우리제일교회 60명 늘어 총72명,사회>사건_사고,,신종 코로나바이러스 감염증(코로나19) 집단 감염이 발생한 경기도 용인시 기흥구 보정동 우리제일교회에 14일 오후 출입 통제 안내문이 붙어 있다... 연합수도권 교회를 중심으로 신종 코로나바이러스 감염증(코로나19)이 급속도로 확산되고 있다... .. .. ..중앙방역대책본부(방대본)는 14일 낮 12시 기준으로 경기 용인시 우리제일교회 집단감염 사례에..
http://www.bigkinds.or.kr/news/newsDetailView.do newsId=01100701.20200814160155001,20200814,세계일보,김선영,‘9살 여아 학대’ 부모 첫 재판… 일부 혐의 부인,사회>사건_사고,,9살짜리 여아를 잔혹하게 학대한 ..‘창녕 아동학대’ 사건의 친모가 14일 창원지방법원 밀양지원에서 열린 첫 재판에 출석하고 있다... 뉴스1 9살 여아를 잔혹하게 학대해 국민적 공분을 산 계부(35)와 친모(27)가 첫 재판에서 심신미약 등으로 인해 기억이 온전치 않다며 일부 혐의를 부인했다... .. .. .. .. 14일 창원지법 밀양지원에서 형사..
http://www.bigkinds.or.kr/news/newsDetailView.do newsId=01400501.20200814191829001,20200814,중부일보,홍지예,경기도 오늘 하루 신규 확진 62명…코로나 사태 이후 '최다',사회>사건_사고,,경기도에서 교회를 중심으로 코로나19 확진자가 증가하고 있다... 사진=연합 자료경기도에서 교회를 중심으로 신종 코로나바이러스 감염증(코로나19) 확진자가 증가하면서 지역 사회의 집단 감염 확산에 대한 우려가 커지고 있다... .. .. ..14일 도 관계자는 14일 ..용인 우리제일교회 관련 확진자와 접촉한 사람들에 대한 진단 검사 및 조사 과정에서..
http://www.bigkinds.or.kr/news/newsDetailView.do newsId=01100101.20200815175438001,20200815,경향신문,김희진 기자 hjin@kyunghyang.com,"경찰, '광복절 집회' 전담수사팀 꾸려 불법행위 수사",사회>사건_사고,,"경찰이 서울 도심에서 대규모 광복절 집회를 진행한 단체에 대해 전담수사팀을 편성해 수사에 나선다... .. .. ..15일 경찰에 따르면 서울지방경찰청은 수사부장을 팀장으로 한 29명 규모의 전담수사팀을 편성해 수사에 착수한다... 경찰은 ..“최근 수도권 지역의 코로나19 급속 확산에 따른 서울시의 집회금지 명령, 법원의 결정에도 불구하고 ..(일부 .."
http://www.bigkinds.or.kr/news/newsDetailView.do newsId=01100801.20200815151508001,20200815,조선일보,조유미 기자 조유미 기자 조유진 기자,"민노총, '기자회견'이라며 2000여명 '꼼수 집회'...춤추고 '함성'",사회>사건_사고,,"“‘기자회견’을 힘차게 선포합니다!” ..“동지들 보신각에 와 계시죠! 함성 질러주세요!” .. .. ..15일 오후 3시쯤 서울 종로구 보신각 인근 종로 4거리 일대에서 민노총 시위대의 함성이 터졌다... 민노총은 당초 같은 시각 안국역 사거리에서 ..‘8·15노동자대회’를 열기로 했지만, 집회 장소와 형식을 바꿔 ..“(집회를) 취소하고 기자회견을 .."
http://www.bigkinds.or.kr/news/newsDetailView.do newsId=01400501.20200815132700001,20200815,중부일보,홍지예,사랑제일교회 관련 경기도 내 코로나19 확진자 속출…오늘만 최소 20명,사회>사건_사고,,14일 오후 신종 코로나바이러스 감염증(코로나19) 집단발병이 발생한 서울 성북구 사랑제일교회 입구에서 관계자들이 방역 작업을 마치고 밖으로 나서고 있다... 서울시는 이날 성북구 사랑제일교회에 대해 시설 폐쇄 조치를 내렸다... 연합15일 경기도 내 곳곳에서 서울 성북구 사랑제일교회 발 신종 코로나바이러스 감염증(코로나19) 확진자가 속출하고 있다...
http://www.bigkinds.or.kr/news/newsDetailView.do newsId=02100701.20200815180530001,20200815,헤럴드경제,뉴스24팀 기자,"경찰, ‘광복절 불법집회’ 관련 전담수사팀 꾸려",사회>사건_사고,,[헤럴드경제] 신종 코로나바이러스 감염증(코로나19) 확산세가 심상치 않은 가운데 15일 서울 도심에서 대규모 불법 집회가 강행됐다... 이에 경찰은 전담수사팀을 만들어 수사에 나설 예정이다... .. .. .. .. 서울지방경찰청은 15일 ..“서울시의 집회금지 명령 및 법원의 결정에도 대규모 불법집회를 강행한 집회 주최자에 대해 신속히 수사에 착수할..
http://www.bigkinds.or.kr/news/newsDetailView.do newsId=01100801.20200815123010001,20200815,조선일보,오경묵 기자 오경묵 기자 조유미 기자 이영빈 기자,광화문 폭우속 수만명 '나라가 니꺼냐' 팻말 들었다,사회>사건_사고,,"15일 광복절을 맞아 코로나 확산 우려에도 서울 도심 곳곳에선 보수·노동 등 단체들의 집회 시위가 잇따라 열렸다... 이날 정오부터 시작된 집회로, 서울 광화문역 일대는 태극기를 든 인파로 빼곡했다... 1시간여 만에 종로구 동화면세점 인근의 광화문역 6번 출구부터 코리아나 호텔 앞까지 200m 가량 이어지는 인도·차로가 시위대 인원으로 들어찼다... .."
http://www.bigkinds.or.kr/news/newsDetailView.do newsId=08100401.20200816220006002,20200816,YTN,강희경,"경찰, 광복절 집회 불법행위 본격 수사...구속영장 검토",사회>사건_사고,,코로나19 집단감염이 재확산하는 가운데 어제(15일) 서울 도심에서 강행된 광복절 집회에서 경찰관에게 폭력을 행사하거나 해산 명령에 불응한 혐의로 체포된 사람들에 대해 경찰이 본격적인 수사에 착수했습니다. .. ..서울지방경찰청은 공무집행방해와 감염병예방법 위반 등으로 체포된 30명에 대해 전담수사팀을 꾸려 채증 자료를 분석하는 등 혐의 확인 작업을 하..
http://www.bigkinds.or.kr/news/newsDetailView.do newsId=08100401.20200816184003001,20200816,YTN,강희경,"경찰, 광복절 집회 불법행위 본격 수사...구속영장 검토",사회>사건_사고,,코로나19 집단감염이 재확산하는 가운데 어제(15일) 서울 도심에서 강행된 광복절 집회에서 경찰관에게 폭력을 행사하거나 해산 명령에 불응한 혐의로 체포된 사람들에 대해 경찰이 본격적인 수사에 착수했습니다. .. ..서울지방경찰청은 공무집행방해와 감염병예방법 위반 등으로 체포된 30명에 대해 전담수사팀을 꾸려 채증 자료를 분석하는 등 혐의 확인 작업을 하..
http://www.bigkinds.or.kr/news/newsDetailView.do newsId=01100201.20200816123642001,20200816,국민일보,천금주,광복절 집회 본격 수사 중인 경찰…구속영장 신청도 검토,사회>사건_사고,,신종 코로나바이러스 감염증(코로나19) 집단감염이 재확산하는 가운데 광복절인 지난 15일 서울 도심에서 강행된 대규모 집회에서 경찰관에게 폭력을 행사하거나 해산 명령에 불응한 혐의로 체포된 이들에 대해 경찰이 본격적인 수사에 착수했다... 죄질이 나쁜 이들에 대해서는 구속영장 신청도 검토 중인 것으로 알려졌다... .. .. .. ..서울지방경찰청은 전..
http://www.bigkinds.or.kr/news/newsDetailView.do newsId=01100901.20200816194450001,20200816,중앙일보,배재성(hongdoya@joongang.co.kr),"경찰, 광복절 집회 불법행위 본격 수사",사회>사건_사고,,신종 코로나바이러스 감염증(코로나19) 집단감염이 재확산하는 가운데 광복절인 지난 15일 서울 도심에서 강행된 대규모 집회의 주최 측에 대해 경찰이 본격적인 수사에 착수했다... .. .. .. .. 서울지방경찰청은 전날 집회 주최자와 주요 참가자 등 4명에 대해 16일 출석을 요구했다고 밝혔다... .. .. .. .. 경찰은 또 집회에서 경찰관에게 ..
http://www.bigkinds.or.kr/news/newsDetailView.do newsId=01100901.20200816185645001,20200816,중앙일보,편광현(pyun.gwanghyun@joongang.co.kr),마스크 벗고 ‘거리두기’ 실종...논란의 광화문 집회...방역 수칙은 지켜야,사회>사건_사고,,경찰이 15일 광복절을 맞아 광화문에서 집회를 열고 불법 시위를 한 참가자들에 대해 전담팀을 꾸리고 본격적인 수사에 나섰다... 경찰은 집회 당일 해산 명령에 불응한 참가자 30명을 체포했다... .. .. .. .. 15일 서울 광화문 일대에서는 서울시의 집회금지 행정명령과 폭우에도 불구하고 집회가 강행됐다... 이날 낮 12시쯤 보수단체들은 서울 종..
http://www.bigkinds.or.kr/news/newsDetailView.do newsId=02100601.20200816170705001,20200816,한국경제,임도원(van7691@hankyung.com);,"이낙연 광복절 집회, 법원 판단에 깊은 의문…사법부도 국민 안전 지켜야",사회>사건_사고,,이낙연 더불어민주당 당대표 후보가 광복절 서울 광화문에서 열린 보수단체 집회에 대해 ..법원의 판단에 깊은 의문을 갖고 있다고 밝혔다... 서울시의 집회금지명령에 대해 법원이 제동을 건 것에 대한 불만 표출이다... .. .. .. .. 이 후보는 16일 호남권 비대면 합동 연설에서 ..지금 가장 힘드신 분은 국민들이라며 ..경기 침체와 고용불..
http://www.bigkinds.or.kr/news/newsDetailView.do newsId=01101101.20200816172512001,20200816,한국일보,이승엽,"광복절 광화문, 전광훈 교회 신자들 다수 현장에 있었다",사회>사건_사고,,"신종 코로나바이러스 감염증(코로나19) 재확산 우려에도 광복절인 15일 서울 광화문 일대에서 보수단체의 대규모 집회가 강행됐다... 일부 참가자들이 경찰을 폭행하는 사건까지 벌어진 가운데, 확진자가 대거 발생한 전광훈 목사의 사랑제일교회 신자들 또한 이번 집회에 다수 참가한 것으로 알려져 광화문발(發) 신종 코로나 재확산 우려가 커지고 있다. ..16일.."
http://www.bigkinds.or.kr/news/newsDetailView.do newsId=01100611.20200816161247001,20200816,서울신문,"이근아,민나리",국민청원에는 ‘전광훈 재수감’…코로나19에도 강행된 광복절 집회에 성난 민심,사회>사건_사고,,"코로나19에도 대규모 집회 비난 여론 확산코로나19 집단감염이 재확산하는 가운데 광복절인 지난 15일 서울 도심에서 강행된 일부 보수 단체들의 대규모 집회에 대한 비난의 목소리가 높아지고 있다... 특히 지난 12일 나온 첫 환자 이후 연일 신규 확진자가 늘고 있는 사랑제일교회의 전광훈 담임 목사 등 일부 신도들이 집회에 참석한 사실이 알려지면서, 전 .."
http://www.bigkinds.or.kr/news/newsDetailView.do newsId=01100701.20200816192319001,20200816,세계일보,이동준,"경찰, 광복절 집회 주최자 본격 수사…“사랑교회 신도 일부 다른 집회 참여”",사회>사건_사고,,"지난 15일 오후 서울 종로구 동화면세점 앞에서 ..‘문재인 정권 부정부패·추미애 직권남용·민주당 지자체장 성추행 규탄 집회’가 열리고 있다... 이날 서울시의 집회금지명령으로 집회 대부분이 통제됐으나, 전날 법원의 집행정지 결정으로 종로구 동화면세점 앞과 중구 을지로입구역 등 2곳에서는 개최가 가능해지면서 인파가 몰렸다... 연합뉴스 .. .. 신종 .."
http://www.bigkinds.or.kr/news/newsDetailView.do newsId=01101101.20200816104642001,20200816,한국일보,이승엽,"경찰, '광복절 집회' 참가자 30명 체포...경찰 폭행 등 혐의",사회>사건_사고,,경찰이 광복절인 15일 서울 도심 집회에 참가한 30명을 체포했다. ..16일 경찰에 따르면 전날 광복절 집회에서 경찰관을 폭행하고 해산 명령에 불응한 혐의 등을 받는 집회 참가자 30명이 체포됐다... .. .. 한 집회 참가자는 전날 오후 8시30분쯤 서울 종로구 경복궁역 인근 사거리에서 차량을 끌고 경찰관을 향해 돌진한 혐의를 받고 있다... 경찰..
http://www.bigkinds.or.kr/news/newsDetailView.do newsId=02100601.20200816120508001,20200816,한국경제,조아라(rrang123@hankyung.com);,"경찰, 광복절 집회 불법행위 수사 착수…구속영장 신청도 검토",사회>사건_사고,,신종 코로나바이러스 감염증(코로나19) 집단감염이 재확산하는 가운데 광복절인 지난 15일 서울 도심에서 강행된 대규모 집회에서 경찰관에게 폭력을 행사하거나 해산 명령에 불응한 혐의로 체포된 이들에 대해 경찰이 본격적인 수사에 나섰다... .. .. .. ..서울지방경찰청은 전날 집회에서 공무집행방해와 감염병예방법 위반 등으로 체포된 30명에 대해서 전담..
http://www.bigkinds.or.kr/news/newsDetailView.do newsId=02100801.20200816140239001,20200816,아시아경제,이관주,"경찰, 광복절 집회 불법행위 본격 수사…구속영장 신청 검토",사회>사건_사고,,[아시아경제 이관주 기자] 신종 코로나바이러스감염증(코로나19) 집단감염이 재확산하는 가운데 광복절인 지난 15일 서울 도심에서 강행된 대규모 집회에서 경찰관에게 폭력을 행사하거나 해산 명령에 불응한 혐의로 체포된 이들에 대해 경찰이 본격적인 수사에 착수했다... .. .. .. ..서울지방경찰청은 전날 집회에서 공무집행방해와 감염병예방법 위반 등으로 ..
http://www.bigkinds.or.kr/news/newsDetailView.do newsId=08100401.20200816132004002,20200816,YTN,강희경,"경찰, 광복절 집회 불법행위 본격 수사...구속영장 검토",사회>사건_사고,,코로나19 집단감염이 재확산하는 가운데 어제(15일) 서울 도심에서 강행된 광복절 집회에서 경찰관에게 폭력을 행사하거나 해산 명령에 불응한 혐의로 체포된 사람들에 대해 경찰이 본격적인 수사에 착수했습니다. .. ..서울지방경찰청은 공무집행방해와 감염병예방법 위반 등으로 체포된 30명에 대해 전담수사팀을 꾸려 채증 자료를 분석하는 등 혐의 확인 작업을 하..
http://www.bigkinds.or.kr/news/newsDetailView.do newsId=01101101.20200816172413001,20200816,한국일보,윤주영,코로나 폭증에 광화문 집회 독려한 전광훈 재구속 위기,사회>사건_사고,,정부가 신종 코로나바이러스 감염증(코로나19) 재확산의 진원지로 교회를 지목하면서 전광훈(64) 사랑제일교회 담임목사가 재구속 위기에 내몰리고 있다... 정부는 신도들의 광화문 집회 참석을 독려하고 당국의 방역활동에 협조하지 않는 전 목사를 고발했고 검찰은 보석취소까지 검토하겠다는 입장이다. ..전 목사는 집회에서 특정 정당의 지지를 호소한 혐의(공직선..
http://www.bigkinds.or.kr/news/newsDetailView.do newsId=01100701.20200816192107001,20200816,세계일보,김태훈,"경찰, ‘방역 방해’ 전광훈 목사에 출석 요구키로",사회>사건_사고,,서울 성북구 사랑제일교회 전광훈 담임목사... 뉴스1 구속기소 후 보석으로 풀려나 있는 사랑제일교회 전광훈 담임목사가 조만간 경찰 소환조사를 받게 될 것으로 보인다... 서울 성북구 소재 사랑제일교회에서 신종 코로나바이러스 감염증(코로나19) 집단감염이 발생하고 전 목사 또한 자가격리 대상인 만큼 소환조사 일정 및 방식은 경찰과 보건당국이 협의해 결정하..
http://www.bigkinds.or.kr/news/newsDetailView.do newsId=01100801.20200816201511001,20200816,조선일보,이민석 기자,"文 방역 도전 엄벌 경고 후… 검찰, 전광훈 보석 취소 청구",사회>사건_사고,,"코로나 재확산 조짐에도 지난 15일 광화문 일대 ..‘광복절 집회’를 주도한 전광훈 목사에 대해 ..‘보석을 취소하고 다시 구속해야 한다’는 주장이 16일 여권에서 제기되자 서울중앙지검(지검장 이성윤)이 전 목사에 대한 보석 취소를 곧바로 청구했다... 특히 문재인 대통령이 이날 전광훈 목사 집회를 ..‘국가방역에 대한 명백한 도전’으로 규정하자, 검찰.."
http://www.bigkinds.or.kr/news/newsDetailView.do newsId=01101101.20200816213141001,20200816,한국일보,윤주영,"檢, 전광훈 목사 보석 취소 청구… 집회 독려ㆍ코로나 방역 방해",사회>사건_사고,,검찰이 신도들의 광화문 집회 참석을 독려하고 당국의 방역활동에 협조하지 않은 전광훈(64) 사랑제일교회 담임목사의 보석 취소를 청구했다... 정부와 지방자치단체도 감염병예방법 위반 혐의로 고발해 전 목사는 재구속될 처지에 놓였다... .. ..서울중앙지검 공공수사2부(부장 김태은)는 16일 ..“공직선거법 위반 등 혐의로 재판 중인 전 목사에 대해 보석..
http://www.bigkinds.or.kr/news/newsDetailView.do newsId=01100201.20200817173847001,20200817,국민일보,"허경구,구승은",“주인 무는 개” 비난에도… 윤석열은 침묵의 연휴,사회>사건_사고,,"마침내 ..“개가 주인을 무는 꼴”이라는 노골적 언사까지 등장했지만 윤석열 검찰총장은 침묵했다... 검찰총장의 힘빼기에 초점이 맞춰진 간부 인사와 직제개편 추진에도 윤 총장은 별다른 반응을 내놓지 않았다... ..‘독재와 전체주의 배격’을 논한 작심발언 뒤 정치권에서는 윤 총장 사퇴 요구가 컸으나, 검찰 내부에서는 ..“이미 수모는 당할 만큼 당했다” .."
http://www.bigkinds.or.kr/news/newsDetailView.do newsId=02100801.20200817204430001,20200817,아시아경제,송승윤,서울 경찰관 확진자 6명으로 늘어… 혜화 4명·광진 1명·관악 1명,사회>사건_사고,,[아시아경제 송승윤 기자] 서울 일선 경찰서에서 신종 코로나바이러스감염증(코로나19) 확진 판정을 받은 경찰관이 6명으로 늘었다... .. .. .. ..17일 경찰에 따르면 혜화경찰서 강력계 소속 경찰관 A씨는 이날 오전 확진 판정을 받았다... A씨와 같은 공간에 근무한 강력계 소속 경찰관 B씨도 이날 코로나19 양성 판정을 받았다... .. .. ..
http://www.bigkinds.or.kr/news/newsDetailView.do newsId=02100201.20200817111711001,20200817,머니투데이,정경훈|이강준|기자|기자|,"[속보]전광훈 측 코로나19 확진자수, 고무줄처럼 조절 가능",사회>사건_사고,,"[머니투데이 정경훈 기자, 이강준 기자] ..[서울=뉴시스] 박주성 기자 ..= 공직선거법 위반 혐의 등으로 기소된 전광훈 한국기독교총연합회 대표회장 목사가 29일 오전 서울 서초구 서울중앙지방법원에서 열린 공직선거법 위반 등 혐의 관련 1차 공판에 출석하며 취재진 질문에 답하고 있다... 2020.06.29... park7691@newsis.com17.."
http://www.bigkinds.or.kr/news/newsDetailView.do newsId=02100311.20200817212725001,20200817,서울경제,방진혁 기자,"부부, 동료…경찰 코로나 확진 6명 치안 어쩌나",사회>사건_사고,,서울 일선 경찰서의 경찰관 4명이 17일 신종코로나바이러스 감염증(코로나19) 확진 판정을 받으면서 경찰관 확진자가 6명으로 늘었다... 수도권을 중심으로 한 코로나19 사태가 경찰 내에서도 확산되는 조짐을 보이면서 치안 공백에 대한 우려가 나온다... .. .. .. ..경찰에 따르면 혜화경찰서 강력계 소속 경찰관 A씨와 B씨는 이날 오전 코로나19 ..
http://www.bigkinds.or.kr/news/newsDetailView.do newsId=01100201.20200817211547001,20200817,국민일보,이성훈,혜화서 등 서울 경찰관 4명 추가 확진…총 6명 확인,사회>사건_사고,,혜화경찰서 등 서울 일선 경찰서의 경찰관 4명이 신종 코로나바이러스 감염증(코로나19) 양성 판정을 받아 최근 코로나19 양성 판정을 받은 서울 내 경찰관은 6명으로 늘었다... .. .. .. ..17일 경찰에 따르면 혜화경찰서 강력계 소속 경찰관 A씨는 이날 오전 확진 판정을 받았다... A씨와 같은 공간에 근무한 강력계 소속 경찰관 B씨 역시 이날..
http://www.bigkinds.or.kr/news/newsDetailView.do newsId=02100311.20200817181804001,20200817,서울경제,박준호 기자,전광훈 코로나19 확진 판정에… 재구속 여부도 재판 진행도 영향 불가피,사회>사건_사고,,전광훈 사랑제일교회 담임목사의 신종 코로나바이러스 감염증(코로나19) 확진 판정에 따라 그의 보석을 취소할지 판단한 법원 재판부의 심문 절차도 영향을 받을 것으로 보인다... 재판부가 보석 취소를 결정한다 해도 격리 치료가 필요하기 때문에 구치소에 바로 재수감은 불가능하다... .. .. .. ..17일 법원 등에 따르면 서울중앙지법 형사합의34부(허선..
http://www.bigkinds.or.kr/news/newsDetailView.do newsId=02100601.20200817101726001,20200817,한국경제,이보배(bobae38317@hanmail.net);,경찰도 뚫렸다…서울 혜화경찰서 2명 코로나19 확진,사회>사건_사고,,"서울 혜화경찰서 소속 경찰관 2명이 신종 코로나바이러스 감염증(코로나19) 확진 판정을 받은 것으로 확인됐다... .. .. .. ..17일 경찰에 따르면 혜화경찰서 여성청소년과에서 근무하는 경찰관 A 씨와 B 씨가 각각 지난 15일 밤, 지난 16일 오전 코로나19 확진 판정을 받았다... .. .. .. ..방역당국에 따르면 두 경찰관은 입원한 상태.."
http://www.bigkinds.or.kr/news/newsDetailView.do newsId=01100901.20200817000443001,20200817,중앙일보,신성식.정진호(ssshin@joongang.co.kr),“부동산·교육 편가르기 정부” 주말 광화문 수만 명 집회,사회>사건_사고,,"광복절인 지난 15일 서울 광화문 일대에서는 보수단체가 주최하는 집회가 대규모로 열렸고, 보신각 앞에서는 전국민주노동조합총연맹(민주노총)의 집회식 기자회견이 각기 진행됐다... 광화문에는 태극기가, 종각역 앞에는 한반도기가 나부꼈다... .. .. .. .. 대한민국바로세우기국민운동본부(대국본) 등 보수단체들이 종로구 동화면세점 앞에서 낮 12시부터 시.."
http://www.bigkinds.or.kr/news/newsDetailView.do newsId=02100601.20200817082212001,20200817,한국경제,고은빛(silverlight@hankyung.com);,광복절 집회 '코로나 공포'…자가격리 위반 전광훈 수사 속도,사회>사건_사고,,"자가격리를 통보받고도 광복절 집회에 참석한 전광훈 사랑제일교회 담임목사에 대한 경찰 수사가 속도를 낼 전망이다... .. .. .. ..17일 서울지방경찰청에 따르면 경찰은 전 목사의 고발건이 접수된 뒤 내부적으로 수사팀을 배당해 수사에 착수한 것으로 알려졌다... .. .. .. ..앞서 정부와 서울시는 전 목사가 자가격리 조치를 위반, 신종 코로나바.."
http://www.bigkinds.or.kr/news/newsDetailView.do newsId=01100611.20200817072308001,20200817,서울신문,이보희,자가격리 중 광복절 집회…사랑제일교회 전광훈 고발건 수사 착수,사회>사건_사고,,자가격리를 통보받고도 서울 광화문 대규모 집회에 참석한 전광훈 사랑제일교회 담임목사에 대한 경찰 수사가 시작됐다. ..17일 서울지방경찰청에 따르면 경찰은 전 목사의 고발건이 접수된 뒤 내부적으로 수사팀을 배당해 수사에 착수했다. ..앞서 정부와 서울시는 전 목사가 자가격리 조치를 위반하고 코로나19 조사대상 명단을 고의로 누락·은폐했다며 16일 고발장..
http://www.bigkinds.or.kr/news/newsDetailView.do newsId=01100611.20200817051108001,20200817,서울신문,"이근아,민나리",‘광복절 집회 강행’ 전광훈 재구속 되나,사회>사건_사고,,공직선거법 위반 혐의로 구속됐다가 보석으로 풀려난 전광훈(64) 사랑제일교회 담임목사가 4개월 만에 다시 구속될 처지에 놓였다... 검찰이 신도들에게 지난 15일 서울 광복절 집회 참가를 독려한 전 목사를 상대로 이날 법원에 보석 취소 청구를 했기 때문이다... 지난 12일 사랑제일교회에서 코로나19 첫 환자가 발생한 이후 연일 신규 확진자가 증가하는 ..
http://www.bigkinds.or.kr/news/newsDetailView.do newsId=02100501.20200817171320002,20200817,파이낸셜뉴스,파이낸셜뉴스,광복절 집회 곳곳 충돌… 30여명 체포,사회>사건_사고,,보수 성향 단체 수만명 몰려 .. .. .. .. .. .. .. .. .. .. .. .. .. .. .. .. .. .. .. .. .. 코로나19 확산 방지를 위한 집회금지 명령에도 광복절인 지난 15일 서울 종로구 광화문 광장 주변에서 정부와 여당을 규탄하는 대규모 집회가 열렸다... 이날 집회에는 보수단체 관계자 등 수만명이 참가했다... 뉴시..
http://www.bigkinds.or.kr/news/newsDetailView.do newsId=01100101.20200817092808001,20200817,경향신문,최인진 기자 ijchoi@kyunghyang.com,경기지역 코로나 확산세 빠르고 넓게 번져... 양평 누적 확진자 33명,사회>사건_사고,,경기지역에서 코로나19 확산세가 빠르고 넓게 번지고 있다... 일일 신규 확진자 수가 용인시 우리제일교회와 서울 성북구 사랑제일교회에서 첫 확진자가 나온 지난 11∼12일 이후 급속도로 확산되고 있다... .. .. ..17일 경기도에 따르면 도내 신규 확진자는 집계 발표 날짜(0시 기준)로 따졌을때 19명(12일)→17명(13일)→47명(14일)→10..
http://www.bigkinds.or.kr/news/newsDetailView.do newsId=01100801.20200817031543001,20200817,조선일보,권순완 기자 권순완 기자 이영빈 기자 조유진 기자,금지명령에도… 5만명 광화문서 反정부 시위,사회>사건_사고,,"광복절인 지난 15일 오후 문재인 정부에 비판적인 5만여명(주최 측 추산)이 광화문광장 등 서울 도심 일대로 쏟아져 나왔다... 서울시가 집회 금지 명령을 내리고 하늘에선 간헐적으로 장맛비가 내렸지만, 집회 참가자들은 경복궁 광화문부터 덕수궁 대한문까지 약 1㎞ 거리를 가득 메웠다... 그들은 ..나라가 니(네) 거냐 ..문재인 대통령 퇴진 등 .."
http://www.bigkinds.or.kr/news/newsDetailView.do newsId=01400501.20200818091549001,20200818,중부일보,홍지예,양주서 서울 사랑제일교회 관련 60대 2명 코로나19 확진,사회>사건_사고,,18일 경기 양주에서 서울 사랑제일교회 관련 코로나19 확진자 2명이 추가 발생했다... 사진=연합 자료(해당 기사와 관련 없음)경기 양주애서 신종 코로나바이러스 감염증(코로나19) 확진자가 추가 발생했다... .. .. ..18일 시에 따르면 주민 2명(양주시 19번ㆍ20번)이 코로나19 확진 판정을 받았다... .. .. ..이들은 모두 증상이 없는..
http://www.bigkinds.or.kr/news/newsDetailView.do newsId=01101101.20200818195955001,20200818,한국일보,류호,4·15 총선은 부정선거 책 법원마다 50권씩  전광훈이 보냈다,사회>사건_사고,,"신종 코로나바이러스 감염증(코로나19) 확진 판정을 받은 전광훈 사랑제일교회 담임 목사가 2주 전 판사들에게 책을 선물한 것으로 알려졌다... 그가 보낸 책은 4ㆍ15 총선이 부정선거라고 주장하는 내용이다... .. ..18일 법조계에 따르면 전 목사는 이달 초 서울동부지법과 서울남부지법, 대법원, 등 각급 법원 판사들을 수신자로 하는 우편물을 보냈다..."
http://www.bigkinds.or.kr/news/newsDetailView.do newsId=01100101.20200818212720001,20200818,경향신문,이혜리 기자 lhr@kyunghyang.com,법무부·검찰도 “방역 방해 행위 땐 엄정 대응”,사회>사건_사고,,ㆍ전광훈 목사 사건 담당 판사·검사 출근 않고 자택서 대기 .. ..코로나19 재확산 우려가 커지면서 법무부와 검찰이 방역활동을 방해하는 행위에 대해 엄정 대응하겠다고 밝혔다. .. ..법무부는 18일 ..“이른 시일 안에 검찰·경찰·질병관리본부·지방자치단체 등 유관기관 대책회의를 개최하기로 했다”며 ..“불법 집회 및 방역 저해행위 등에 대한 신속·엄..
http://www.bigkinds.or.kr/news/newsDetailView.do newsId=01400501.20200818130144001,20200818,중부일보,홍지예,[속보] 수원서 134번 코로나19 확진자 발생…50대 관외 거주자,사회>사건_사고,,수원서 134번 코로나19 확진자 발생…50대 관외 거주자
http://www.bigkinds.or.kr/news/newsDetailView.do newsId=07101201.20200818114053001,20200818,디지털타임스,성승제,"유치장도 뚫리나, 강남서 유치장 확진자 방문... 경찰 15명 격리",사회>사건_사고,,서울 소속 경찰관들이 잇따라 코로나19 확진 판정을 받은 가운데 서울 강남경찰서 유치장에 확진자가 다녀가 방역 조치가 이뤄지고 있다. .. .. .. ..18일 경찰에 따르면 지난 16일∼17일 사이 강남서 유치장에 수감됐던 남성 A(63)씨가 18일 오전 코로나19 확진 판정을 받았다... .. .. .. .. ..A씨는 지난 15일 광화문 집회에 참..
http://www.bigkinds.or.kr/news/newsDetailView.do newsId=01400501.20200818130958001,20200818,중부일보,이한빛,사랑제일교회 교인 접촉한 확진자 다닌 가평 창대교회서 7명 추가 감염,사회>사건_사고,,사랑제일교회'발 신종 코로나바이러스감염증(코로나19) 관련 전국 누적확진자수가 400명을 넘어선 18일 오전 서울 성북구 사랑제일교회 인근 골목이 차량으로 막혀 있다... 연합가평군은 서울 성북구 사랑제일교회 교인과 접촉한 확진자가 다닌 창대교회에서 7명이 확진 판정을 받았다고 18일 밝혔다... .. .. ..가평군은 사랑제일교회에서 교인과 접촉한 5..
http://www.bigkinds.or.kr/news/newsDetailView.do newsId=01101001.20200818104837001,20200818,한겨레,서혜미,올림픽공원 경비·미화원 등 8명 확진… 1주일간 공원 폐쇄,사회>사건_사고,,서울 송파구 올림픽공원에서 일하는 경비원과 환경미화원 등 8명이 코로나19 양성 판정을 받아 올림픽공원이 일주일 동안 휴장한다. .. .. 올림픽공원을 관리하는 한국체육산업개발은 17일 공지를 통해 ..“올림픽공원 내 코로나19 확진자 발생으로 시민들의 안전과 감염 확산 방지를 위해 임시 휴장한다”고 밝혔다... 휴장 기간은 17일부터 23일까지다...
http://www.bigkinds.or.kr/news/newsDetailView.do newsId=01100101.20200818202721001,20200818,경향신문,최인진 기자 ijchoi@kyunghyang.com,사랑제일교회발 코로나19 가평지역 교회·군부대로 확산,사회>사건_사고,,"경기 가평군은 서울 성북구 사랑제일교회 교인과 접촉한 확진자가 다닌 창대교회에서 9명이 확진 판정을 받았다고 18일 밝혔다. .. ..이들 확진자중 일부가 사랑제일교회의 광화문 집회에 참석했던 사실이 드러나 방역 당국이 비상에 걸렸다... 사랑제일교회 관련 군부대 내 감염자도 2명 추가됐으며, 부대 영내에서 군장점을 운영하는 민간인 확진자의 부인도 양성.."
http://www.bigkinds.or.kr/news/newsDetailView.do newsId=01100901.20200818120231001,20200818,중앙일보,김기환(khkim@joongang.co.kr),"전광훈 당장 소환은 어렵다…경찰,'광복절 집회' 2명 구속영장",사회>사건_사고,,경찰이 8ㆍ15 광복절 집회 당시 일어난 불법 행위 수사에 속도를 내고 있다... 서울지방경찰청은 광복절 집회 당시 현장에서 체포한 30명 중 2명에 대해 공무집행 방해 혐의로 구속영장을 신청하고 나머지 28명은 불구속 입건했다고 18일 밝혔다... 경찰은 나머지 인원에 대해서도 구속영장을 신청할지 검토 중이다... 경찰 관계자는 ..“이번 광복절 집회..
http://www.bigkinds.or.kr/news/newsDetailView.do newsId=01100201.20200818040947002,20200818,국민일보,"허경구,구승은",“주인 무는 개” 원색적 비난에도… 다시 尹의 침묵,사회>사건_사고,,"마침내 ..“개가 주인을 무는 꼴”이라는 노골적 언사까지 등장했지만 윤석열(사진) 검찰총장은 침묵했다... 검찰총장의 힘 빼기에 초점이 맞춰진 간부 인사와 직제개편 추진에도 윤 총장은 별다른 반응을 내놓지 않았다... ..‘독재와 전체주의 배격’을 논한 작심발언 뒤 정치권에서는 윤 총장 사퇴 요구가 컸으나, 검찰 내부에서는 ..“이미 수모는 당할 만큼 .."
http://www.bigkinds.or.kr/news/newsDetailView.do newsId=02100801.20200818120609001,20200818,아시아경제,이정윤,광복절 집회' 참석 60대男 경찰 조사 중 코로나 확진…유치장 폐쇄,사회>사건_사고,,[아시아경제 이정윤 기자]서울 강남경찰서 유치장에 수감됐던 남성이 신종 코로나바이러스감염증(코로나19) 확진 판정을 받아 유치장이 폐쇄됐다... .. .. .. ..18일 경찰에 따르면 강남경찰서 유치장에 수감됐던 A(63)씨가 이날 오전 코로나19 확진 판정을 받았다... A씨는 이달 15일 광화문 집회에 참여했다 동료 참가자와 경찰에 체포돼 16일 ..
http://www.bigkinds.or.kr/news/newsDetailView.do newsId=02100801.20200818103902002,20200818,아시아경제,이관주,"사랑제일교회·광복절 집회 참가자' 추적, 경찰 신속대응팀 투입되나",사회>사건_사고,,[아시아경제 이관주 기자] 전광훈 목사가 이끄는 사랑제일교회를 중심으로 신종 코로나바이러스감염증(코로나19) 집단감염이 확산하고 있는 가운데 경찰이 신속대응팀을 투입해 소재 불명 신도와 광복절 집회 참가자 등에 대한 추적에 나설 것으로 보인다... .. .. .. ..18일 경찰청에 따르면 경찰은 최근 서울시로부터 사랑제일교회 코로나19 집단감염 대응과..
http://www.bigkinds.or.kr/news/newsDetailView.do newsId=02100801.20200818105119001,20200818,아시아경제,이정윤,"벌써 6명…경찰, 코로나 확진 비상",사회>사건_사고,,[아시아경제 이정윤 기자] 신종 코로나바이러스감염증(코로나19) 집단 감염 여파가 경찰 내부에서도 확산되고 있다... 서울 일선 경찰관들이 연이어 코로나19 확진 판정을 받고 접촉자도 계속 늘고 있어 치안 공백 우려도 나온다... .. .. .. ..18일 경찰청에 따르면 이날 오전 6시까지 경찰관 6명이 코로나19 확진 판정을 받았다... 의심 증상을..
http://www.bigkinds.or.kr/news/newsDetailView.do newsId=01100401.20200818125601001,20200818,동아일보,장연제,서울경찰청장 “전광훈 확진돼 소환 어려워…집회 체포 3명 자가격리대상”,사회>사건_사고,,장하연 서울지방경찰청 청장이 신종 코로나바이러스 감염증(코로나19) 확진 판정을 받은 전광훈 사랑제일교회 담임 목사에 대해 ..“광복절인 15일 내사에 착수했다”면서도 ..“소환 조사는 힘들 것 같다”고 밝혔다... .. .. .. ..장 청장은 18일 서울 종로구 내자동 서울지방경찰청 청사에서 열린 기자간담회에서 ..“전 목사가 확진자로 분류돼 별도 ..
http://www.bigkinds.or.kr/news/newsDetailView.do newsId=02100201.20200818120016001,20200818,머니투데이,이정현|기자|,광복절 집회 관련 체포된 30명 중 3명 '자가격리 위반',사회>사건_사고,,[머니투데이 이정현 기자] .. .. ..(서울=뉴스1) 김명섭 기자 ..= 보수단체 회원들이 15일 서울 광화문 광장 일대에서 집회를 하고 있다... 2020.8.15/뉴스1 ..경찰이 광복절이었던 지난 8월15일 서울 광화문 일대에서 열린 대규모 집회와 관련해 해산명령에 불응한 이들 등 30명을 입건해 조사 중이다... .. .. ..18일 경찰에 ..
http://www.bigkinds.or.kr/news/newsDetailView.do newsId=01100801.20200818133017001,20200818,조선일보,권오은 기자,"경찰, 광복절 집회 참가자 30명 체포… 경찰관들도 잇따라 '코로나 확진'",사회>사건_사고,,"지난 광복절 집회에 참가자 가운데 경찰이 30명을 공무집행방해 등의 혐의로 체포하고, 이 가운데 2명에 대해 구속영장을 신청했다... 연행된 집회 참가자 1명이 확진 판정을 받아 접촉했던 경찰관 등이 코로나 바이러스 감염증 검사를 받고 있다... .. .. .. ..◇‘차량돌진’ ..‘경찰 폭행’ 집회 참가자 2명 구속 영장 신청 .. ..장하연 서울지.."
http://www.bigkinds.or.kr/news/newsDetailView.do newsId=01100801.20200818151517001,20200818,조선일보,권오은 기자,검찰 “코로나 방역 저해 사범에 엄정 대응”,사회>사건_사고,,코로나 바이러스 감염증이 재확산 조짐을 보이면서 검찰도 방역활동을 방해하는 행위에 엄정 대응에 나섰다... .. .. .. ..대검찰청 ..‘코로나19 대응본부’는 18일 전국 고·지검과 지청의 ..‘코로나19 대응단’에 ..방역활동 저해 사범에 엄정 대응할 것을 지시했다... 대검은 ..방역당국의 감염병 확산방지 조치가 적시에 실효를 거둘 수 있..
http://www.bigkinds.or.kr/news/newsDetailView.do newsId=02100201.20200818131546001,20200818,머니투데이,김지성|기자|,광화문 집회 체포자도 '확진'…강남경찰서 15명 격리,사회>사건_사고,,[머니투데이 김지성 기자] ..[서울=뉴시스]김명원 기자 ..= 15일 서울 종로구 광화문 광장 열린 보수단체 8·15 대규모 집회 참가자들이 경찰 저지선을 뚫고 사직로에서 청와대로 가는길로 몰려와 경찰들과 대치하고 있는 가운데 일부 집회 참가자들이 경찰 버스를 넘어트리려는 듯 밀고 있다... 2020.08.15... kmx1105@newsis.com ..
http://www.bigkinds.or.kr/news/newsDetailView.do newsId=01100901.20200818163819001,20200818,중앙일보,박현주(park.hyunjoo@joongang.co.kr),경찰도 덮친 코로나…광화문 집회 지킨 '최전선'도 불안하다,사회>사건_사고,,8·15 광화문 집회 현장에 나간 경찰에 신종 코로나바이러스 감염증(코로나 19) 집단 감염 불똥이 튀었다... 집회에 참여한 전광훈 사랑제일교회 담임목사와 신도가 잇달아 코로나 19 확진 판정을 받으면서다... .. .. 15일 광복절에 열린 대규모 광화문 집회에서 코로나 19 확진자가 속출하면서 경찰에서도 비상이 걸렸다... 코로나 19 확진 판정을..
http://www.bigkinds.or.kr/news/newsDetailView.do newsId=08100201.20200818201431003,20200818,MBC,윤수한,전광훈 목사 어떤 처벌 …이만희와 비교해보니,사회>사건_사고,,"◀ 앵커 ..▶ .. ..대구시가 신천지를 상대로 천억원 대 소송을 제기하고 이만희 총 회장이 구속된 것처럼 전광훈 목사와 교회 측도 민, 형사상 책임을 피하기 어려울 거라는 전망이 많습니다. .. ..어떤 처벌이 가능한지, 윤수한 기자가 보도합니다. .. ..◀ 리포트 ..▶ .. ..최근 구속 상태로 재판에 넘겨진 이만희 신천지 총회장. .. ..당.."
http://www.bigkinds.or.kr/news/newsDetailView.do newsId=01100101.20200818212720002,20200818,경향신문,최민지 기자 ming@kyunghyang.com,"문 대통령에 신발 던졌던 남성, 8·15 집회서 경찰 폭행 ‘구속’",사회>사건_사고,,ㆍ경찰 현장 체포 30명 중 3명 자가격리 위반·1명 확진 .. ..ㆍ경복궁 인근서 차량 몰고 경찰에 돌진한 남성은 ..‘영장 기각’ .. ..ㆍ전광훈 목사 코로나 확진 ..‘소환 연기’…경찰서 내 감염 속출 .. .. .. ..보수단체가 주최한 8·15 광복절 집회에서 경찰을 폭행한 혐의를 받은 정창옥씨(57)가 구속됐다... .. .. ..최창훈 서..
http://www.bigkinds.or.kr/news/newsDetailView.do newsId=08100401.20200818140607002,20200818,YTN,안윤학,"경찰, '방역 방해' 의혹 전광훈 목사 등 본격 수사 착수",사회>사건_사고,,"경찰이 신도 명단 부실 제출과 일부 신도의 코로나19 검사 지연 등 ..'방역 방해' 의혹을 받는 사랑제일교회 전광훈 담임목사와 관계자들에 대해 본격 수사에 착수했습니다. .. ..장하연 서울지방경찰청장은 기자간담회에서, 방역 방해 의혹 관련 문제 제기가 있어 최근 내사에 들어갔고, 서울시와 정부도 고발장을 제출해 병합 수사할 것이라고 밝혔습니다. .."
http://www.bigkinds.or.kr/news/newsDetailView.do newsId=01100701.20200818120150002,20200818,세계일보,김태훈,"정창옥, 18일 3시 영장심사… “코로나보다 표현 자유 더 중요”",사회>사건_사고,,지난달 문재인 대통령에게 신발을 벗어 던진 혐의로 구속영장이 신청됐던 정창옥씨(왼쪽 2번째)가 영장실질심사를 마치고 경찰에 이끌려 이동하는 모습... 연합뉴스 문재인 대통령을 향해 신발을 벗어 던져 화제가 된 정창옥(57) 남북함께국민연합 공동대표가 광복절 서울 도심 집회 당시 경찰관을 폭행한 혐의로 또 구속영장이 신청된 가운데 법원이 어떤 판단을 내릴..
http://www.bigkinds.or.kr/news/newsDetailView.do newsId=02100851.20200818151542001,20200818,아주경제,이혜원,서울경찰청장 광복절 집회로 체포한 30명 중 3명 자가격리 대상...1명은 확진,사회>사건_사고,,"지난 15일 광복절 집회에 참가했다가 체포된 30명 중 3명이 자가격리 대상자인 것으로 확인됐다... 3명 중 1명은 확진 판정을 받았다... .. .. .. ..장하연 서울지방경찰청장은 18일 서울 종로구 내자동 서울지방경찰청 청사에서 열린 간담회에서 ..광복절 집회에서 공무집행방해 혐의로 14명, 해산명령 불응 혐의로 16명을 체포했다며 ..그.."
http://www.bigkinds.or.kr/news/newsDetailView.do newsId=01100501.20200818153003003,20200818,문화일보,김성훈1,광복절 집회 ‘차량돌진’ 등 2명 구속영장,사회>사건_사고,,집회 관련 주요 단체 관계자 4명 출석 요구 .. .. .. ..지난 15일 신종 코로나 바이러스 감염증(코로나19) 감염 우려 속에 강행된 광화문 집회에서 경찰에 폭력을 행사하는 등 공무집행을 방해한 참가자 2명에 대해 경찰이 구속영장을 신청했다. .. .. .. .. ..장하연 서울지방경찰청장은 18일 서울경찰청사에서 기자들과 만나 ..“광복절 당일..
http://www.bigkinds.or.kr/news/newsDetailView.do newsId=01101101.20200818124412001,20200818,한국일보,이승엽,"경찰, 광복절 집회 참가자 2명 구속영장...28명 수사 중",사회>사건_사고,,경찰이 지난 15일 광복절에 진행된 보수단체들의 집회 참가자 중 죄질이 나쁘다고 판단되는 2명에 대한 구속영장을 신청했다... 집회를 주도한 전광훈 사랑제일교회 목사에 대한 소환 조사는 전 목사가 신종 코로나바이러스 감염증(코로나19) 확진 판정을 받음에 따라 보건당국과 방식 등을 협의 중이다... .. ..장하연 서울경찰청장은 18일 서울 종로구 청사..
http://www.bigkinds.or.kr/news/newsDetailView.do newsId=02100601.20200818114933001,20200818,한국경제,이보배(bobae38317@hanmail.net);,광화문집회 참가 확진자 유치장 다녀간 강남경찰서…경찰관 15명 격리,사회>사건_사고,,신종 코로나바이러스 감염증(코로나19) 확산 속도가 급격히 빨라지는 가운데 서울 강남경찰서 유치장에 확진자가 다녀가 경찰관 15명이 격리됐다... .. .. .. ..경찰에 따르면 지난 16∼17일 사이 강남서 유치장에 수감됐던 남성 A 씨(63)가 18일 오전 코로나19 확진 판정을 받았다... .. .. .. ..지난 15일 광화문 집회에 참여한 A..
http://www.bigkinds.or.kr/news/newsDetailView.do newsId=01100401.20200818030155002,20200818,동아일보,이소연,혜화경찰서 2명 추가 확진… 관악-광진서도 1명씩,사회>사건_사고,,16일까지 서울 혜화경찰서에서 신종 코로나바이러스 감염증(코로나19) 확진자 2명이 나온 데 이어 17일에도 서울 지역 경찰 4명이 추가로 확진 판정을 받았다... 이 중 1명은 14일 집단감염이 발생한 서울 성북구 사랑제일교회 교인과 접촉한 것으로 알려졌다... .. .. .. .. 서울지방경찰청은 ..“혜화서에서 강력1팀 소속 경찰 2명이 추가로 확..
http://www.bigkinds.or.kr/news/newsDetailView.do newsId=01101101.20200818112352001,20200818,한국일보,김영훈,"광복절 집회 참가자, 서울 강남서 유치장 다녀갔다 확진",사회>사건_사고,,지난 15일 광복절 집회에 참가했다가 불법 행위를 한 혐의로 서울 강남경찰서로 연행돼 유치장에 수감됐던 남성이 신종 코로나바이러스 감염증(코로나19) 확진 판정을 받았다. ..18일 경찰에 따르면 지난 16일∼17일 사이 강남서 유치장에 수감됐던 남성 A(63)씨가 이날 오전 코로나19 확진 판정을 받았다. ..A씨는 지난 15일 서울 광화문 집회에 참..
http://www.bigkinds.or.kr/news/newsDetailView.do newsId=01100201.20200818100741001,20200818,국민일보,최지웅,전광훈 목사 포함 방역수칙 위반 1506명 입건,사회>사건_사고,,신종 코로나바이러스감염증(코로나19)이 2차 대유행 조짐을 보이는 가운데 방역 수칙 위반자들도 최근 한 달 새 300명 가까이 늘어난 것으로 나타났다... 정부의 집합금지 명령을 어기고 8·15 광복절 집회에 참여했던 인원까지 감안하면 위반 사례는 더 늘어날 전망이다... .. .. .. ..18일 경찰청에 따르면 지난 17일 기준으로 감염병의 예방 및..
http://www.bigkinds.or.kr/news/newsDetailView.do newsId=01100611.20200818111806001,20200818,서울신문,신진호,강남서 유치장 수감됐던 광화문집회 참가자 확진…경찰 15명 격리,사회>사건_사고,,"서울 강남경찰서 유치장에 광화문집회 확진자가 다녀가면서 경찰관 15명이 격리조치됐다. ..경찰에 따르면 지난 16∼17일 사이 강남서 유치장에 수감됐던 남성 A(63)씨가 18일 오전 코로나19 확진 판정을 받았다. ..A시는 지난 15일 광화문 집회에 참여했다가 불법 행위를 벌인 혐의로 동료 참가자 B씨와 함께 체포됐고, 16일 오전 1시 20분쯤 강.."
http://www.bigkinds.or.kr/news/newsDetailView.do newsId=08100401.20200818124803001,20200818,YTN,김지환,"경찰, '광복절 집회' 참가자 2명 영장...28명 조사 중",사회>사건_사고,,광복절 집회' 관련 전담반을 꾸려 수사하고 있는 경찰이 집회 참가자 2명에게 구속 영장을 신청하고 28명을 조사하고 있습니다. .. ..서울지방경찰청은 오늘(18일) 열린 정례간담회에서 지난 15일 진행된 보수단체 집회 당시 해산 명령에 불응한 30명을 체포하고 이 가운데 정도가 과하다고 생각되는 2명에게 구속영장을 신청했다고 밝혔습니다. .. ..1..
http://www.bigkinds.or.kr/news/newsDetailView.do newsId=01100201.20200818180406001,20200818,국민일보,구승은,전광훈 보석 취소돼도 코로나 완치 후에야 수감 가능,사회>사건_사고,,사랑제일교회 전광훈 담임목사를 향한 비난 여론이 최고조에 달한 상황에서 법원은 전 목사의 보석 취소 여부를 곧 판단할 예정이다... 전 목사는 전날 신종 코로나바이러스감염증(코로나19) 확진 판정을 받고 서울의료원으로 이송돼 격리 치료를 받고 있다... .. .. .. ..법조계는 보석 취소 여부를 판단할 핵심 쟁점으로 지난 15일 열린 광화문 집회와 ..
http://www.bigkinds.or.kr/news/newsDetailView.do newsId=01100701.20200818015351001,20200818,세계일보,,"이재용 수사결론 '차일피일' 50일...檢, 기소유예로 가닥잡나",사회>사건_사고,,검찰수사심의위원회가 이재용 삼성전자 부회장에 대한 불기소를 권고한지 50여일이 지났지만 수사팀은 아직 최종 결론을 내리지 못하고 있다... .. .. .. .. 앞서 지난 6월26일 수사심의위는 10대3의 의견으로 이재용 부회장이 연루된 경영권 불법 승계 의혹 사건에 대한 수사 중단과 불기소를 검찰에 권고했다... 이에 앞서 검찰은 수심위 개최 전 이 ..
http://www.bigkinds.or.kr/news/newsDetailView.do newsId=02100311.20200818122124001,20200818,서울경제,허진 기자,광복절 집회 관련 30명 체포해 2명 영장 신청…전광훈 조사는 조율 중,사회>사건_사고,,8.15 광복절 집회 관련 감염병예방법 위반 사건을 수사 중인 경찰이 공무집행방해 혐의 등으로 현행범 30명을 체포해 이 중 2명에 대해 구속영장을 신청했다... 집회 관련 주요 단체 관계자들을 출석을 요구하는 등 수사에 속도를 내고 있다... .. .. .. ..장하연 서울지방경찰청장은 18일 서울 종로구 서울지방경찰청사에서 열린 기자간담회에서 ..“..
http://www.bigkinds.or.kr/news/newsDetailView.do newsId=01100201.20200818164219001,20200818,국민일보,"정현수,정우진",서울경찰청장 ‘8·15집회 불법성’ 강조… 체포 30명 중 1명 확진,사회>사건_사고,,8·15 광복절 집회에 참가했다가 경찰에 체포된 유치인 중 신종 코로나바이러스감염증(코로나19) 확진자가 나오면서 최근 수도권발 확산세가 경찰 조직으로 번질까 불안감이 고조되고 있다... 집회와 별개로 서울 일선 경찰서 소속 경찰관 중에서도 확진자가 속속 추가되고 있어 치안공백을 우려하는 목소리도 나오는 중이다... .. .. .. ..장하연 서울지방경..
http://www.bigkinds.or.kr/news/newsDetailView.do newsId=01100801.20200818121516001,20200818,조선일보,김영준 기자,광화문 집회 참가자 코로나 확진...강남경찰서 유치장 폐쇄,사회>사건_사고,,"서울 지역 경찰관들이 잇따라 코로나 바이러스 확진 판정을 받은 가운데, 서울 강남경찰서 유치장에 광복절 집회에 참가했던 코로나 확진자가 입감됐던 것으로 확인돼 해당 유치장이 폐쇄됐다. .. .. ..강남경찰서는 ..“지난 16~17일 코로나 확진자가 유치장에 입감됐던 사실을 확인해 유치장을 폐쇄 조치하고 확진자와 접촉한 경찰관들을 격리 조치했다”고 18.."
http://www.bigkinds.or.kr/news/newsDetailView.do newsId=02100101.20200818132955001,20200818,매일경제,서윤덕,코로나19 확진자 광화문 집회 참석…접촉 경찰 감염 우려,사회>사건_사고,,자가격리 대상자 3명이 지난 15일 서울 광화문에서 열린 집회에 참석한 것으로 확인됐다. ..이 중 한 명은 코로나19에 감염된 것으로 확인되어 논란이 일고 있다. ..확진자는 15일 광화문 집회에 참여했다가 불법 행위를 벌인 혐의로 체포됐고 16일 오전 1시 20분께 강남서 유치장에 입감된 후 이날 오전 코로나19 확진 판정을 받았다. ..장하연 서울..
