date,company,writer,title,classification1,classification2,classification3,contents
20200801,YTN,나연수,"민주당 당 대표 후보들, 부울경 찾아 재보선 공방",정치>국회_정당,정치>선거,,더불어민주당 당 대표에 도전한 세 후보가 부산·울산·경남 대의원대회에서 내년 서울·부산시장 재보궐 선거를 두고 신경전을 벌였습니다. .. ..오늘 오전 경남 창원컨벤션센터에서 열린 대의원대회에서 이낙연 후보는 지도부 교체 이후 넉 달을 잘 해야 문재인 정부가 성공할 수 있다며 코로나19국난극복위원장으로서 경험과 성과를 살려 한국판 뉴딜을 성공 시키겠다고..
20200801,아시아경제,김현정,[위크리뷰]2분기 바닥론 솔솔…-3.3% 역성장 딛고 '트리플 반등',경제>무역,경제>반도체,경제>취업_창업,"[세종=아시아경제 김현정 기자] 국내 경기가 올해 2·4분기를 바닥으로 회복세로 돌아설 것이라는 기대감이 커지고 있다... 2분기 ..-3.3% 역성장은 금융위기 당시인 2008년 4분기 보다도 나쁜 성적이지만, 신종 코로나바이러스(코로나19)에 타격을 입은 글로벌 국가들과 비교하면 그나마 선방했다는 평가도 나온다... 정부는 3분기 본격적인 반등을 위.."
20200801,아주경제,전환욱,[민주당 8·29 전대] 이낙연 위기 극복 경험 살려 국난 극복·뉴딜 성공시킬 것,정치>국회_정당,정치>선거,정치>청와대,더불어민주당 8·29 전당대회 당 대표 선거에 출마한 이낙연 후보가 총리 재임 시절과 국난극복위원장 경험을 언금하며 ..경험과 성과를 살려서 국난을 극복하고 한국판 뉴딜을 성공시키겠다고 밝혔다... .. .. .. ..1일 경상남도 창원 컨벤션센터 컨벤션홀에서 열린 민주당 경남도당 대의원대회에서 이 후보는 이같이 말하고 ..저는 국가적 재난을 극복..
20200802,머니투데이,박가영|기자|,부울경 찾은 민주당…이낙연 리더십·김부겸 지역주의 극복·박주민 개혁,정치>국회_정당,정치>선거,정치>청와대,"[머니투데이 박가영 기자] .. ..더불어민주당 당권주자들이 1일 부산·울산·경남(PK) 지역을 찾았다... 후보들은 자신이 당대표 적임자임을 내세우며 지지를 호소했다. .. ..이날 오전 경남 창원시 창원컨벤션센터에서 열린 민주당 경남 합동연설회에서 이낙연 후보는 ..'위기의 리더십'을, 김부겸 후보는 ..'지역주의 타파'를, 박주민 후보는 ..'개혁.."
20200802,조선일보,주희연 기자,이낙연 코로나 국난 극복 김부겸 지역주의 타파 박주민 당 개혁,정치>국회_정당,정치>선거,정치>청와대,"더불어민주당 당 대표 선거에 나서는 이낙연·김부겸·박주민 후보가 1일 부산·울산·경남(PK) 지역 합동연설회에서 지지를 호소했다... 이 후보는 ..‘코로나 위기 극복’, 김 후보는 ..‘지역주의 타파’, 박 후보는 ..‘당 개혁’을 강조했다... 민주당 당 대표 선거는 이달 29일 실시된다. .. .. ..이낙연 후보는 이날 연설 첫 주자로 나섰다..."
20200802,경향신문,로렌스 투비아나 유럽기후재단 대표,"[기고] 기후변화 대응, 한국이 좋은 동반자가 되려면",,,,"지난 6월 한국과 유럽연합(EU) 정상들이 코로나19 이후 기후변화 문제에 함께 대응하자고 결의했다는 소식을 들었다... 양측의 전략적 동반자 관계 10주년을 기념하는 화상회의 자리였다... 이날 문재인 대통령과 우르줄라 폰데어라이엔 EU 집행위원장, 샤를 미셸 상임의장은 ..“파리협약의 완전하고, 신속하며, 효과적인 이행을 위한 강한 의지”를 확인했다.."
20200802,머니투데이,서진욱 |기자,윤희숙·조정훈의 '사이다' 발언… 야당 '존재감' 살렸다,정치>국회_정당,정치>행정_자치,정치>선거,[머니투데이 서진욱 기자] ..[[the300]] .. .. 윤희숙 미래통합당 의원(왼쪽)과 조정훈 시대전환 의원... ../사진=뉴시스. .. ..7월 임시국회에서 제1야당인 미래통합당은 무기력했다... 더불어민주당의 의회 독주 속 범여권으로 분류되는 야당들의 존재감은 희미했다. .. ..야권이 묻힌 국회에서 빛난 의원들이 있다... 초선인 윤희숙 미..
20200802,아주경제,전환욱,[민주당 8·29 전대] 김부겸 재보궐이 당 위기 최정점…당대표 책임 반드시 완수,정치>선거,정치>국회_정당,정치>청와대,"더불어민주당 8·29 전당대회 당 대표 선거에 출마한 김부겸 후보가 ..2년 당 대표의 무거운 책임, 반드시 완수하겠다고 밝혔다... .. .. .. ..1일 경상남도 창원 컨벤션센터 컨벤션홀에서 열린 민주당 경남도당 대의원대회에서 김 후보는 ..지금 누구나 우리당의 위기를 말한다... 자기가 위기 극복의 적임자라고 말한다며 ..위기의 정점은 .."
20200802,경인일보,김태성,미래가 기대되는 도시' 화성시가 꿈꾸는 그린뉴딜은,지역>충남,지역>경기,경제>취업_창업,"2025년 화성시 송산그린시티에서 출발한 친환경 수소전기차가 자율주행으로, 화옹지구를 향해 달린다... 화옹지구는 한때 토목 개발 논리에 떠밀려 군 공항 이전 지역이 될 뻔한 우여곡절()을 겪었지만, 명실상부한 국내 최대 규모의 시설농업 지역이다... .. .. .. ..동탄신도시는 물론 향남과 남양 등에서도 무상교통을 통해 시민들이 비용을 들이지 않.."
20200803,서울신문,김채현,PK찾은 당권 주자들…이낙연-김부겸 ‘보궐선거 공천’ 쟁점,정치>국회_정당,정치>선거,정치>청와대,"더불어민주당 8·29 전당대회에 출마한 당권주자들이 1일 PK를 찾았다. ..이날 오후 창원시 창원컨벤션센터에서 열린 민주당 경남 합동연설회에서 이낙연 후보는 ..‘남은 4개월’의 시간에, 김부겸 후보는 ..‘내년 4월 재보궐선거’에, 박주민 후보는 ..‘주어진 2년의 시간’을 강조했다. ..이낙연, ..‘위기의 리더십’ 강조 ..이 후보는 연말까지 .."
20200803,세계일보,우상규,6월 생산·지출 개선 조짐 뚜렷… 3분기 경기반등 기대,경제>취업_창업,,,안형준 통계청 경제동향통계심의관이 지난달 31일 정부세종청사 기획재정부 브리핑실에서 6월 산업활동 동향 브리핑을 하고 있다... 뉴스1 우리나라가 코로나19 방역에 성공하면서 경제도 상대적으로 선방하고 있는 것으로 나타났다... .. .. .. .. 1일 기획재정부 등에 따르면 올해 2분기 한국의 국내총생산(GDP) 성장률은 전기 대비 ..-3.3%였다..
20200803,디지털타임스,김광태,제1회 AR/VR 비대면 컨퍼런스 2020 열린다,IT_과학>콘텐츠,경제>경제일반,IT_과학>모바일,"과학기술정보통신부(장관 최기영, 이하 ..'과기정통부')와 정보통신산업진흥원(원장 김창용, 이하 ..'진흥원'), 한국가상증강현실산업협회(회장 김훈배, 이하 ..'협회')는 7월 20일 오후 서울 상암동 한국VR·AR콤플렉스(이하 ..'KoVAC')에서 ..제1회 VR·AR 글로벌 비대면 컨퍼런스 2020을 개최한다. .. .. .. .. 이번 컨퍼.."
20200803,국민일보,"권민지,전성필",“韓 에너지 정책 ‘모순’ 고집 땐 국제적 신뢰도 추락할 것”,경제>자원,경제>무역,,국내외 환경·에너지 전문가들은 현재 문재인정부가 ..‘정책 충돌’로 인한 모순을 겪고 있다고 지적한다... 정부가 이른 시일 내로 에너지 정책의 모순을 깨지 않으면 중장기적으로 국제적 신뢰도마저 추락할 수 있다고 경고한다... 또 무리한 사업 강행은 한국전력공사 등 전력 공기업의 손실을 키워 국내 에너지산업뿐만 아니라 국민 경제에도 악영향을 미칠 수 있..
20200803,국민일보,전성필,우리 땅엔 ‘그린뉴딜’ 남의 땅엔 ‘석탄화력’…표리부동 에너지 정책,경제>자원,경제>부동산,,"정부와 한국전력공사가 인도네시아 자와(Jawa) 석탄화력발전소(9, 10호기) 건설 사업을 강행키로 하면서 문재인정부 에너지 정책이 추구하는 가치가 무엇인지 알 수 없다는 논란이 커지고 있다... 국내에서는 탈원전·탈석탄·그린뉴딜 등의 친환경 정책을 추진한다고 강조하면서도 해외에선 미세먼지의 주범인 석탄화력발전소를 건설키로 해 ..‘표리부동’ 정책이라는.."
20200803,서울경제,황정원 기자,연 3% 수익률 뉴딜펀드 나온다...시중 유동성 흡수할까,경제>금융_재테크,정치>행정_자치,경제>증권_증시,정부가 원금보장에 연 3%대 수익률을 기대해볼 수 있는 국민참여형 뉴딜펀드 조성을 추진한다... 당정은 뉴딜펀드를 출시해 수조원대 자금을 모으면 한국형 뉴딜에 힘을 실을 수 있을 것으로 기대하고 있다... .. .. .. ..2일 더불어민주당과 정부에 따르면 당정은 한국판 뉴딜 재원 조성과 국민소득 증대를 위한 뉴딜펀드 출시 계획을 이달 중 발표할 계획..
20200803,충청일보,충청일보,한국판 뉴딜의 불편한 진실,경제>취업_창업,경제>무역,,[월요일아침에] 이태욱 한국교원대 교수 .. .. ..문재인 대통령께서는 취임 3주년인 지난 5월 10일에 한국판 뉴딜 국가발전전략을 처음 제시하셨다... ..'한국판 뉴딜'은 디지털 뉴딜과 그린 뉴딜로 나눌 수가 있는데 요즘 시기에 적절하게 어울리는 제4차산업혁명 시대에 부합한 디지털 뉴딜 정책과 친환경과 기후변화와 관련된 미래형 그린 뉴딜 전략의 양..
20200803,디지털타임스,김은지,`디지털 뉴딜` 대규모 투자… 시장장악 글로벌업체 배만 불릴수도,IT_과학>콘텐츠,경제>경제일반,IT_과학>모바일,"코로나19 사태 이후, OTT(온라인동영상서비스), 게임 등 언택트(비대면) 산업이 급부상하고 있지만, 대부분의 신시장을 글로벌 거대 기업이 장악하고 있는 것으로 나타났다... 글로벌 업체들의 비대면 산업을 속속 독과점해가면서, ..'한국판 뉴딜'의 과실이 국내 업체보다는 시장을 장악한 해외 글로벌 업체에 돌아갈 수 있다는 우려의 목소리도 커지고 있다..."
20200804,충청일보,정완영 기자,"이낙연 의원 세종 방문, 국회 세종의사당 연내 매듭짓자",정치>행정_자치,정치>국회_정당,정치>청와대,"[충청일보 정완영기자] 더불어민주당 대표에 도전 하는 이낙연 국회의원이 지난 31일 세종시를 방문해 ..국회 세종의사당 건립을 연내에 매듭짓자고 밝혔다... .. .. ..이 의원은 세종호수공원 ..'바람의 언덕'과 ..'균형발전 상징공원'을 방문, 노무현 정신을 되새겼다... .. .. ..세종호수공원에 있는 국가균형발전 공원에서 기자들과 만나 .."
20200804,매일경제,김연주,[단독] 4대보험료 고지서 인쇄·우편비만 年500억…디지털시대 무색,IT_과학>콘텐츠,,,우편함에 켜켜이 쌓이는 우편봉투... 뜯어보지도 않고 쓰레기통으로 직행하는 경우가 대부분이다... 이메일이 대중화되고 모바일 영수증이 일상이 됐지만 아직까지도 국민 10명 중 8명은 4대보험을 종이 고지서로 받고 있는 것으로 나타났다... 관련 인쇄비용과 우편 비용 등에 들어가는 세금만 연간 약 500억 원이다... 정부가 ..'디지털 뉴딜'을 한국형 ..
20200804,매일경제,채종원,[레이더P] PK서 드러난 김경수 위상…잠시 고초 겪지만 가을에 좋은 진실 밝혀질 것,정치>국회_정당,정치>선거,정치>청와대,지난 1일 부산·울산·경남(PK)더불어민주당 당대표·최고위원 합동연설회에서 고(故)노무현 전 대통령·문재인 대통령과 함께 각 후보들에게 ..'구애'를 가장 많이 받은 대상은 김경수 경남지사다... 당내에선 PK가 친노·친문의 ..'정치적 고향'이라는 점에서 이 계파의 유일한 ..'잠룡'인 김 지사의 위상이 드러났다는 평가가 나온다. ..이날 창원컨벤션센..
20200804,전자신문,문보경,디지털교과서 이용 급증…콘텐츠 보강은 숙제,IT_과학>콘텐츠,IT_과학>모바일,,"코로나19로 인한 원격수업 시행 이후 디지털교과서 이용자가 급증한 것으로 나타났다... 한시 현상으로 그치지 않으려면 그동안 디지털교과서 활용 부진의 주원인인 콘텐츠 질과 관련 제도 개선이 요구된다... .. .. .. ..교육부는 올해 디지털교과서 활용 현황을 조사한 결과 전년에 비해 이용자는 393.7%(15만6456명→77만2472명), 접속 횟수.."
20200804,부산일보,김덕준,원금 보장 국민참여형 ‘뉴딜펀드’ 출시 예정,경제>금융_재테크,정치>행정_자치,경제>증권_증시,홍남기 부총리는 지난달 30일 페이스북에 ..“정부는 국민 참여형 ..‘한국판 뉴딜 펀드’를 마련하고 있다... 국민에게 안정적인 수익을 보장하면서 유동자금이 5G와 자율자동차 및 친환경 분야 투자로 이어질 수 있는 방안”이라고 밝혔다... 사진은 지난 30일 홍 부총리가 비상경제 중앙대책본부 회의에서 발언하는 모습... 연합뉴스 .. .. .. .. ..
20200804,한국경제,,[시론] 삼성전자 같은 기업 더 나오게 해야,경제>반도체,경제>무역,경제>증권_증시,"삼성전자는 매출의 85%가 해외에서 나오고 15%만 국내에서 발생한다... 법인세 등 세금 80% 이상을 국내에서 내는 것은 본사가 한국에 있기 때문이다... 만약 삼성전자가 주로 국내에서만 영업 활동을 하고 해외시장을 개척하지 않았더라면 오늘의 글로벌 기업 삼성전자는 없었을 것이며, 오늘의 매출 실적도 불가능했을 것이다... 반대의 예를 든다면, 한국.."
20200804,한국경제,정인설(surisuri@hankyung.com);,"당정, 年 3%대 수익 '뉴딜펀드' 내놓는다",정치>행정_자치,경제>금융_재테크,경제>증권_증시,정부가 연 3%대 수익률을 목표로 한 국민참여형 뉴딜펀드를 내놓는다... 지난달 15일 이광재 더불어민주당 의원이 처음 뉴딜펀드를 제안한 뒤 홍남기 부총리 겸 기획재정부 장관이 ..“본격 추진하겠다”고 화답하면서 탄력을 받고 있다... .. .. .. ..2일 더불어민주당과 기획재정부에 따르면 당정은 한국판 뉴딜 재원 조성과 국민참여형 뉴딜펀드 구조 등..
20200804,세계일보,우상규,"원금 보장에 3% 안팎 수익률…정부, ‘뉴딜펀드’ 추진",정치>행정_자치,경제>금융_재테크,경제>증권_증시,정부가 원금보장에 수익률이 연 3%대 안팎인 국민참여형 ..‘뉴딜펀드’ 조성을 추진한다... .. .. .. .. 2일 더불어민주당과 정부에 따르면 당정은 ..‘한국판 뉴딜’ 재원 조성과 국민소득 증대를 위한 뉴딜펀드 출시 구상을 이르면 이달 중 발표할 계획이다... .. .. .. .. 민주당 K뉴딜위원회 디지털뉴딜 분과위원장인 이광재 의원이 국민참여..
20200804,경상일보,이왕수 기자,민주 당권주자들 ‘암각화 보존-물문제’ 해결 모색 한목소리,정치>국회_정당,정치>선거,지역>대구,"더불어민주당 이낙연, 김부겸, 박주민(오른쪽부터) 당대표 후보가 지난 1일 울산시 북구 오토밸리복지센터 체육관에서 열린 후보자 합동연설회에서 손을 맞잡고 인사하고 있다... .. .. ..김동수기자 dskim@ksilbo.co.kr 울산에서 진행된 더불어민주당 당권 경쟁에서 반구대암각화 보존 및 맑은 물 확보에 대한 후보들의 약속이 잇따랐다... .. .."
20200804,무등일보,김현수,"[민주 당대표 후보 인터뷰] 이낙연 호남 정치 복원, 주저함 없이 역할 하겠다",지역>광주,정치>국회_정당,정치>행정_자치,"-타 지역에 비해 낙후된 광주 전남의 경우 공공기관 시즌2에서 지역별 균등 배분보다는 규모의 공공기관을 우선 배려해야 한다는 주문이 많다... 이에 대한 생각은. ..▲혁신도시 1차 이전을 통해 16개 공공기관이 광주전남 빛가람혁신도시로 옮겨왔지만 여전히 전국 363개 공공기관 중 수도권 43%, 충청권 23%가 몰려있고 호남권에는 단 8%만 소재해 있.."
20200804,전남일보,박상지,부침개,국제>미국_북미,국제>아시아,,"길어지는 장마 탓에 불쾌지수도 연일 ..'최고치'다... 불쾌지수는 대략 세 단계를 거치면 정상수준을 회복할 수 있다... 먼저 제습기와 에어컨을 같이 돌린다... 조금이라도 불편한 만남은 아예 취소하거나 미룬다... 빗소리를 음악삼아 부침개 재료를 준비한다. ..'비오는 날 부침개가 땡기는 것'은 의학적으로나, 영양학적으로 분명한 이유가 있다... 후.."
20200804,전자신문,이준희,[人사이트]김판종 미디움 대표 “5만TPS급 블록체인 가속서버 출시 눈앞,IT_과학>모바일,경제>자동차,IT_과학>보안,"“포스트코로나 시대에 인공지능(AI), 클라우드, 사물인터넷(IoT) 등 4차 산업기술을 산업 전반에 걸쳐 융복합해서 경제 위기를 극복해야 합니다... 완전무결한 빅데이터를 안전하고 신속하게 처리하는 블록체인 기술 상용화로 디지털뉴딜 성공을 견인하겠습니다.” .. ..김판종 미디움 대표는 무결성탈중앙화 등 블록체인 가치가 4차 산업혁명 시대 필수 인프.."
20200804,한라일보,백금탁기자 haru@ihalla.com,제주형 뉴딜' 정책 국비 확보 손 놨나,지역>제주,지역>경기,지역>대전,최근(7.14.) 정부가 발표한 ..'한국형 뉴딜'과 동행할 ..'제주형 뉴딜'에 따른 국비 확보에 대한 제주도의 대응이 매우 소극적이라는 지적이다. ..2일 제주특별자치도와 의회에 따르면 지역 주도 제주형 균형발전 뉴딜 제안사업은 3개로 이에 따른 예산은 2430억원(국비 1700·도비 730) 규모다... 제주형 3대 뉴딜 정책은 ..▷제주형 지역뉴..
20200804,전남일보,서울=김선욱,"이낙연 '호남정치' 복원 위해 역할, 대한민국 정치 중심으로",정치>국회_정당,정치>선거,정치>청와대,더불어민주당의 새로운 대표가 오는 29일 선출된다... 당 대표에 출마한 이낙연·김부겸·박주민 후보는 자신이 거대 여당을 책임질 적임자라며 뜨겁게 경쟁하고 있다... 이들은 전국을 돌며 합동 연설중이다... 8일에는 광주·전남을 찾는다... 방문에 앞서 지역 주요현안 등에 대한 세 후보의 생각을 꼼꼼히 들어봤다. ..이낙연 후보는 2일 ..'호남 정치 ..
20200805,헤럴드경제,배문숙 기자,"한국, 재생에너지 발전 비중 44개국 중 40위…사실상 꼴찌",경제>자원,경제>유통,,[헤럴드경제=배문숙 기자] 문재인 정부가 에너지전환을 핵심 국정과제로 내세우고 있지만 우리나라 전기생산량 중 재생에너지가 차지하는 비중은 아직도 전 세계에서 최하위권인 것으로 조사됐다... 연료비 측면에서 값싼 원자력이나 석탄화력발전을 주력으로 사용하기 때문이다... .. .. .. .. 2일 유럽계 에너지 분야 전문 컨설팅업체인 ..'에너데이터'(En..
20200805,아시아경제,김은별,경제 저점 찍었나…소비자·기업심리 일제히 개선 효율적 정책대응이 관건,경제>증권_증시,경제>외환,경제>취업_창업,"[아시아경제 김은별 기자] 신종 코로나바이러스감염증(코로나19) 확산으로 인한 소비자와 기업들의 심리가 조금씩 개선되고 있다... 아직 코로나19 확진자가 여전히 증가하고는 있지만 적극적인 정책대응의 결과다... 2008년 글로벌 금융위기 당시 1년여 만에 회복세를 보인 것과는 개선세가 빠른 편이지만, 여전히 실제 경제회복으로 얼마나 이어질지는 좀 더 .."
20200805,서울경제,한동희 기자,"두산중공업, 클럽모우CC 매각 완료",경제>산업_기업,지역>전북,경제>금융_재테크,"두산중공업(034020)은 2일 하나금융-모아미래도 컨소시엄과 클럽모우CC 매각 거래를 완료하고, 매각 대금 1,850억원 중 일부 회원권 입회보증금 반환 비용 등을 제외한 대금으로 채권단 차입금을 상환했다고 밝혔다... .. .. .. ..이번 상환은 채권단의 긴급운영자금 지원 이후 첫번째 상환이다... 두산중공업은 이번 첫 상환을 시작으로 비핵심자산.."
20200805,디지털타임스,김양혁,V자 반등 쉽지않아 … 실제성장률 기대보다 낮을듯,경제>무역,,,"[디지털타임스 김양혁 기자] 정부가 언급한 ..'V자 반등' 가능성에 전문가들은 그럴 가능성은 낮고, 저성장에 무게를 실었다... 3분기부터 본격적으로 회복국면에 접어들면서 반등을 이뤄낼 것이란 게 정부 측의 예상이지만, 실제 성장률은 예상보다 높지 않을 것이라는 게 전문가들의 공통된 의견이었다. .. .. .. ..2일 관련 부처 등에 따르면 정부는 .."
20200805,아주경제,윤지은,제1회 LH 공공데이터 활용 창업경진대회 시상식 성료,IT_과학>모바일,경제>부동산,IT_과학>콘텐츠,"LH는 지난 31일 서울 강남구 소재 LH 더스마티움에서 ..‘제1회 LH 토지주택 공공데이터 활용 창업경진대회’ 시상식을 개최했다고 2일 밝혔다... .. .. .. ..이번 행사는 급증하는 공공데이터 수요에 대응하는 창의적 아이디어, 신규 비즈니스 모델을 지원하고 데이터 기반 창업활동을 장려하기 위해 마련됐다... .. .. .. ..지난 4월 27.."
20200805,국민일보,장선욱,광주 33일 만에 사회적 거리두기 2단계→1단계 완화.,지역>경기,지역>강원,지역>대전,"광주시가 1개월여 만에 ..‘사회적 거리 두기’를 2단계에서 1단계로 낮췄다... 1주일간 코로나19 지역감염자가 한 명도 발생하지 않은 데 따른 후속 조치다... .. .. .. ..지역감염이 방역관리 시스템에서 통제 가능하다고 판단됨에 따라 공공시설이 다시 문을 열고 방역수칙도 완화되지만, 지역감염 확산을 막기 위한 ..‘생활 속 거리 두기’는 그대.."
20200805,중부일보,신창균,"이원욱 의원, 낙동강사업 정부가 적극 지원해야 해소 가능",지역>울산,지역>경남,지역>대구,"이원욱 민주당 최고위원 후보(화성을)는 부산ㆍ울산ㆍ경남 당대표 및 최고위원 후보자 순회합동연설회에 앞서 서울 여의도에서 송철호 울산시장을 만나, 낙동강 통합물관리방안과 국립과학관 울산 유치 등 울산 현안에 대해 논의하고 적극 지원키로 협의했다고 2일 밝혔다... .. .. ..이원욱 민주당 최고위원 후보와 송철호 울산시장의 만남은 국가 예산 확보를 위해.."
20200805,조선일보,세종/정원석 기자,당정 3%대 수익 '뉴딜 펀드' 추진…또 관제펀드,정치>행정_자치,경제>금융_재테크,경제>증권_증시,정부가 한국형 뉴딜 사업 재원을 마련하기 위해 연 3%대 수익률을 보장하는 국민참여형 뉴딜펀드 조성을 추진한다... .. .. .. ..다만 지난해 일본의 수출규제에 대응해 나온 소재·부품·장비 분야에 투자하는 필승코리아 펀드와 같이 ..‘관제펀드’ 논란도 예상된다... 시중 금리에 비해 높은 수익률 보장 조건은 정부의 재정 부담을 가중시킬수도 있는 요..
20200805,광주매일신문,보성=임병언 기자,김철우 보성군수 ‘잰걸음’ 내년 국비 확보 광폭행보,지역>충남,지역>전북,지역>경기,"김철우 보성군수가 지역 현안사업 추진과 주민 숙원사업 추진을 위해 기획재정부를 방문하는 등 국비 확보에 총력을 기울이고 있다. .. ..김 군수는 최근 관련 사업 부서장들과 기획재정부를 방문해 안도걸 예산실장, 김위정 농림해양예산과장 등과 만나 주요 현안 사업의 필요성을 설명하고 적극적인 국비 지원을 요청했다... 특히 벌교권역 통합관광 로드를 실현할 .."
20200805,광주매일신문,김진수 기자,[민주당 당대표 후보 릴레이 인터뷰]이낙연 후보,지역>광주,정치>국회_정당,정치>선거,"국회 출입 광주기자단이 합동으로 더불어민주당 8·29 전당대회에 출마한 3인의 당대표 후보 릴레이 인터뷰를 진행했다... 이번 인터뷰는 서면으로 이뤄졌으며 이낙연 후보, 김부겸 후보, 박주민 후보 순으로 게재한다. .. ..▲광주·전남 국회의원 18명 중 13명이 초선이다... 이에 당내에서 중요 현안 또는 지역의 목소리를 낼 수 있는 기회조차 없다는 .."
20200805,광주매일신문,김종민 기자,광주형 AI기반 디지털 뉴딜정책 기업 유치로 탄력,지역>광주,지역>충남,지역>경기,"광주시는 AI 유치기업인 ..㈜바이스, ..㈜샌드글래스, ..㈜파크에이아이와 광주형 인공지능 비즈니스 기반 조성을 위한 23-25번째 업무협약을 체결하고 각 기업별 본사이전, 법인설립 및 지역사무소 설립을 통해 광주 인공지능 생태계 조성에 적극 협력키로 했다. .. ..바이스는 빅데이터 분석, 모바일앱·웹, 클라우드 서비스, 모바일 결제서비스 개발, 인.."
20200805,중부일보,정현·하재홍,"안양시, '안양형 뉴딜' 종합계획 수립 추진",지역>울산,지역>경기,지역>충남,안양형 뉴딜 종합계획 수립을 위한 실무회의가 진행중인 모습... 사진=안양시청안양시는 최근 정부의 한국판 뉴딜 발표에 발맞춘 ..‘안양형 뉴딜’종합계획을 마련할 예정이다... .. .. ..2일 안양시에 따르면 시는 최근 포스트코로나 시대에 대응에 초점을 맞춘‘안양형 뉴딜’종합계획 수립을 위한 실무회의를 열었다... .. .. ..정부가 발표한‘한국판 ..
20200805,헤럴드경제,김현일 기자,"두산중공업, 클럽모우CC 매각완료…채권단 상환 시작",경제>산업_기업,경제>금융_재테크,지역>강원,[헤럴드경제 김현일 기자] 두산중공업은 2일 하나금융-모아미래도 컨소시엄과 클럽모우CC 매각 거래를 완료하고 채권단 차입금을 첫 상환했다고 밝혔다... 클럽모우CC는 두산중공업이 지난 2013년부터 강원도 홍천군 서면에서 운영해온 대중제 27홀 골프장이다... .. .. .. .. 두산중공업은 이번 매각대금 1850억원 중 일부 회원권 입회보증금 반환 ..
20200805,국민일보,권민지,"배터리 수익성 입증한 LG화학, 삼성SDI·SK이노 흑자전환도 시간문제",경제>자동차,경제>자원,경제>무역,"LG화학이 신성장동력 ..‘배터리’의 수익 가능성을 입증했다... 20년간의 집요한 연구·개발(R&D)이 수확의 시기를 맞았다는 평가다... 하반기에는 완성차 업체들의 전기차 출시가 예정돼 있고 유럽, 중국 등 주요 시장의 친환경 기조 확대가 진행 중 인만큼 안정적 수익창출원으로 자리할 것이라는 전망이다... .. .. .. ..LG화학은 지난 31일 .."
20200805,매일경제,노현,"두산重, 빚 갚기 시작했다",경제>산업_기업,지역>강원,경제>금융_재테크,경영위기로 3조6000억원의 긴급운영자금을 수혈 받은 두산중공업이 채권단에 차입금 상환을 시작했다... .. ..두산중공업은 하나금융·모아미래도 컨소시엄과 클럽모우CC 매각 거래를 완료하고 매각 대금 1850억원 중 일부 회원권 입회보증금 반환 비용 등을 제외한 대금으로 채권단 차입금을 상환했다고 2일 밝혔다. ..이번 상환은 채권단의 긴급운영자금 지원..
20200805,서울경제,연승 기자,[로터리]혁신시장 조성해 국내기업 경쟁력 키워야,IT_과학>과학,정치>행정_자치,경제>취업_창업,배스나 블루길 같은 외래어종의 생태계 교란이 심각하다고 한다... 당초 양식 목적으로 도입한 외래어종이 강한 생존력과 번식력으로 우리의 수중 생태계를 장악하면서 토종어종이 사라지고 있다... .. .. .. ..혁신시장에서도 우리의 혁신기업들이 각종 거미줄 규제로 인해 싹을 틔우지 못하고 도전에 대한 의욕을 잃어간다면 국내의 신산업 생태계는 각 분야의 ..
20200806,디지털타임스,윤선영,"라온시큐어, 방통대에 `에듀테크` 환경 제공",IT_과학>모바일,사회>교육_시험,IT_과학>콘텐츠,라온시큐어가 한국방송통신대학교와 ..'태블릿PC 기반의 온라인 시험 센터 구축' 계약을 체결하고 단말 관리 솔루션인 ..'원가드'를 온라인 시험용 태블릿PC에 적용했다. .. .. .. ..원가드는 모바일 디바이스 기반의 에듀테크 환경에 최적화된 기능을 제공한다... ..△시험 응시자 본인 확인 ..△앱 및 앱스토어 관리 ..△네트워크 연결 제어 ..△..
20200806,전자신문,김지혜,7월 기업공개(IPO) 급증...코로나19 여파 벗어났나,경제>증권_증시,경제>반도체,경제>자동차,7월 기업공개(IPO)가 급증한 것으로 집계됐다... 지난 4개월간 코로나19 확산세로 IPO를 미뤄왔던 기업이 대거 참여한 영향이다. .. ..2일 한국거래소 기업공시채널 카인드(KIND)에 따르면 지난달 1일부터 31일까지 한 달간 신규이전재상장한 기업(스팩 제외)은 총 15개사로 집계됐다. .. ..코스닥시장에 진입한 기업은 ..△와이팜 ..△..
20200806,전자신문,김시소,"인터넷게임SW, 하반기 청년 개발자 취업 시장 이끈다",경제>취업_창업,IT_과학>인터넷_SNS,IT_과학>콘텐츠,"국내 대표 인터넷게임소프트웨어(SW) 업계가 지난 상반기에 이어 하반기에도 수백명의 신입 개발자를 채용한다... 코로나19로 청년신입 구직 시장이 경직된 가운데 정보통신기술(ICT)업계가 취업 시장의 숨통을 틀 것으로 전망된다. .. ..네이버, 카카오, NHN 등 주요 인터넷 기업은 올 하반기에 수백명 규모의 신입 개발자를 공개 채용한다... 코.."
20200806,전남일보,박간재,"코로나 충격' 광주·전남 중소기업, 경기전망 또 하락",경제>증권_증시,경제>유통,경제>외환,"신종 코로나바이러스 감염증(코로나19) 충격으로 광주·전남중소기업들의 경기 전망이 또 기준치 밑으로 떨어졌다. ..2일 중소기업중앙회 광주전남지역본부에 따르면 8월 중소기업 업황 전망 건강도지수(SBHI)가 전월(74.9) 대비 2.9포인트, 전년 동월(76.8) 대비로는 4.8포인트 하락한 72.0으로 나타났다. ..SBHI는 100 이상이면 기업 경.."
20200806,중도일보,박태구 기자,국가하천 승격' 대전천 체계적 관리방안 논의하다,사회>환경,지역>대전,지역>강원,"대전세종연구원은 지난달 31일 연구원 2층 대회의실에서 ..‘대전천의 미래 비전 및 관리방향’ 모색을 위한 전문가 세미나를 열었다... 이번 세미나는 올해부터 대전천의 국가하천 승격으로 보다 체계적인 수계관리 기반이 마련됨에 따라 대전천이 대전 시민에게 도심 내 쾌적한 수변공간으로 다가가고, 생태환경적 측면에서 효율적 관리방향을 모색해보자는 차원에서 마.."
20200806,아주경제,이승요,"[아주경제 오늘의 뉴스 종합]집중호우 피해 속출, 뉴딜펀드 만든다 등",경제>금융_재테크,지역>강원,,"▲전국에 ..'물 폭탄' ..… 저수지 붕괴, 주택 침수 등 피해 속출 .. .. .. ..전국에 내린 집중호우로 주택이 침수되고 사망사고가 발생하는 등 피해가 속출하고 있다... 2일 낮 12시 기준 중앙재난안전대책본부(중대본)와 소방청, 각 지자체 등에 따르면 이날 오전 경기 안성에서 조립식 패널 건물 붕괴로 50대 남성 A씨가 사망하는 등 이날 하.."
20200806,경향신문,대구|조형국 기자 situation@kyunghyang.com,민주당 주말 '영남대전'의 관건은··· PK·TK에서 격돌한 세 후보,정치>국회_정당,정치>선거,,"영남권 표심을 사로잡기 위한 더불어민주당 당권 주자 3인의 지지 호소가 1~2일 대구·경북(TK), 부산·울산·경남(PK)에서 펼쳐졌다... 지난 4·15 총선에서 민주당에 참패를 안긴 영남은 2022년 정권 재창출을 위한 핵심 공략 지역으로 꼽힌다... 영남이 ..‘베이스 캠프’인 김부겸 후보(62)와 대선을 위해선 영남 지지를 끌어야 하는 이낙연 후.."
20200806,경향신문,,"[사설]코로나 속 반가운 경기회복 신호, 경계는 풀지 말아야",경제>무역,경제>증권_증시,경제>자동차,"한국의 7월 수출이 작년보다 7% 감소한 428억3000만달러를 기록했다... 코로나19 여파로 지난 3월 1.6% 감소세로 돌아선 수출이 4월 ..-25.5%, 5월 ..-23.6%로 바닥을 찍고 넉달 만에 한 자릿수 감소율로 재진입했다... 올 2분기 한국 경제가 외환위기 후 22년 만에 최악의 역성장(-3.3%)을 할 때 발목 잡은 게 수출이었다..."
20200806,대전일보,천재상,"한국중부발전, 발전소 인공지능 선언식 개최",지역>대전,지역>전남,지역>경남,한국중부발전은 지난달 30일 빅데이터 활용 7배 확대를 골자로 하는 ..'한국중부발전 인공지능(AI) 선언식'을 개최했다. ..이번 선언은 한국판 뉴딜을 지원하고 AI산업 육성에서 일자리 창출까지 디지털 전 과정을 완성하는 ..'발전산업 디지털 대전환' 선언이다. ..AI 플랫폼에는 근로자 위험행동 영상검출·환경설비 성능예측·에너지효율화 등 발전소 공정..
20200806,대전일보,천재상,"이낙연 민주당 당대표 후보 행정수도 완성, 흔들림 없다",정치>국회_정당,정치>선거,정치>청와대,더불어민주당 당대표 후보인 이낙연 국회의원이 지난달 31일 세종시를 방문해 행정수도 완성과 국가균형 발전을 위한 로드맵을 밝혔다. ..이날 이 의원은 세종호수공원 청담만리에서 ..세종은 균형발전의 염원을 안고 탄생한 도시다... 완성을 향해 흔들림 없이 나아가야 한다며 ..이를 위해 ..'균형발전 뉴딜'이라는 정책 구상을 가다듬고 있다고 말했다...
20200806,중앙일보,최선욱(isotope@joongang.co.kr),두산이 짓고 공사비 떼인 골프장…7년만에 팔아 빚 3% 상환,경제>산업_기업,경제>금융_재테크,경제>부동산,"두산중공업이 강원도 홍천에 있는 골프장 클럽모우CC를 1850억원에 팔았다고 2일 밝혔다... 두산중공업은 회원권 보증금 반환 등 일부 비용을 치르고 남은 돈 1200억원을 채권단에 갚았다... 두산중공업은 올해 초 산업은행 등에서 3조6000억원을 빌렸는데, 이 중 일부(3.3%)를 갚은 첫 사례다... .. .. .. .. 클럽모우의 새 주인은 하나.."
20200806,전북일보,천경석,"국가예산 확보·현안 해결, 한마음 한뜻",지역>전북,지역>대전,지역>경기,"도내 국회의원과 전북도, 시ㆍ군은 지난달 31일 도청 대회의실에서 예산정책협의회를 열고 내년도 국가예산과 주요 현안사업에 대한 해법을 찾기 위한 원팀이 되어 지역발전에 힘을 모으기로 다짐하며 기념촬영을 하고 있다... 오세림 기자 내년도 국가 예산과 주요 지역 현안의 해법을 찾기 위해 전북도와 시ㆍ군, 지역 국회의원들이 머리를 맞댔다... .. .. .."
20200806,전북일보,김윤정,"“지자체 예산활동, ‘포스트코로나와 K뉴딜’에 대응해야”",지역>전북,정치>국회_정당,지역>경기,도내 국회의원과 전북도... 시ㆍ군 예산정책협의회가 지난달 31일 도청 대회의실에서 열린 가운데 송하진 도지사가 인사말을 하고 있다... 오세림 기자전북 국회의원과 도내 자치단체장들이 만난 이번 예산정책협의회를 관통한 화두는 단연 포스트코로나와 한국판 뉴딜 대응이었다... .. .. ..도내 의원들은 이날 ..“최근 정부의 예산편성 흐름이 포스트코로나와..
20200806,아주경제,임애신,뉴딜펀드' 만든다...원금보장에 '3%+α' 수익률 보장,경제>금융_재테크,정치>행정_자치,경제>증권_증시,정부가 3%대 수익률의 뉴딜펀드를 조성한다... 이는 한국판 뉴딜의 재원을 조달함과 동시에 은행 예금금리가 사상 처음으로 0%대로 떨어진 상황에서 국민에게 안정적인 투자처를 제공하기 위한 방안이다... .. .. .. ..2일 정부와더불어민주당 등에따르면 당정은 이달 중 국민참여형 뉴딜펀드 출시를 확정해 발표할 예정이다. .. .. .. ..홍남기..
20200806,디지털타임스,김양혁,정부의 하반기 경제성장 낙관론에 전문가들 “기대보다 약한 반등”,경제>무역,,,"[디지털타임스 김양혁 기자] 정부가 언급한 ..'V자 반등' 가능성에 전문가들은 그럴 가능성은 낮고, 저성장에 무게를 실었다... 3분기부터 본격적으로 회복국면에 접어들면서 반등을 이뤄낼 것이란 게 정부 측의 예상이지만, 실제 성장률은 예상보다 높지 않을 것이라는 게 전문가들의 공통된 의견이었다. .. .. .. ..2일 관련 부처 등에 따르면 정부는 .."
20200806,한국일보,김경준,"두산중공업, 골프장 매각 대금으로 채권단 차입금 첫 상환",경제>산업_기업,경제>금융_재테크,경제>증권_증시,"두산중공업이 산업은행·수출입은행 등 채권단으로부터 지원받은 긴급운영자금 중 일부를 처음으로 상환했다고 2일 밝혔다... .. ..두산중공업에 따르면 하나금융-모아미래도 컨소시엄과 클럽모우CC 골프장에 대한 매각 거래를 완료하고, 매각대금 1,850억원 중 일부 회원권 입회 보증금 반환 비용 등을 제외한 대금으로 채권단 차입금을 상환했다... .. ..두.."
20200806,충청일보,정완영 기자,이낙연 의원 세종시 방문  국회 세종의사당 연내 매듭,정치>행정_자치,정치>국회_정당,정치>청와대,"[충청일보 정완영 기자] 더불어민주당 대표에 도전 하는 이낙연 국회의원이 지난 31일 세종시를 방문해 ..국회 세종의사당 건립을 연내에 매듭짓자고 밝혔다... .. .. ..이 의원은 세종호수공원 ..'바람의 언덕'과 ..'균형발전 상징공원'을 방문, 노무현 정신을 되새겼다... .. .. ..세종호수공원에 있는 국가균형발전 공원에서 기자들과 만나 .."
20200806,무등일보,이윤주,2023순천만국제정원박람회 정부승인 기념 제막식,지역>전남,지역>경남,지역>울산,"2023순천만국제정원박람회 정부승인을 축하하는 D-1000일 기념 제막식이 지난달 31일 순천시청 정문에서 개최됐다. ..제막식은 허석 순천시장, 김영록 전남도지사, 소병철 국회의원, 전남도·순천시의원, 주무부처인 산림청 최병암 차장 등 50여명이 참석한 가운데 축하 덕담과 대시민 메시지, D-1000일 카운터 제막 순으로 진행됐다. ..이번 행사에는 .."
20200806,중도일보,방원기 기자,"장철민 의원 환경부와 기상청, 기후변화 따른 폭우 대책 마련을",정치>국회_정당,지역>경남,,"더불어민주당 장철민(대전 동구) 의원은 2일 환경부와 기상청을 국회 환경노동위원회에서 환경부와 기상청을 상대로 기후변화에 따른 폭우 등 기상이변 대책 마련이 시급하다고 촉구했다... 장 의원은 이날 보도자료를 내고 ..30일 대전에 시간당 100mm 이상 폭우가 내렸는데, 이는 기상관측상 최초의 일이라며 ..도시인프라나 공무원 조직이 기상이변에 준.."
20200806,전북도민일보,설정욱 기자,전북 지자체·정치권 손 맞잡다...예산정책협의회 중점사업 긴밀 공조,지역>전북,정치>국회_정당,지역>경기,"전북지역 자치단체장들과 지역 국회의원이 내년도 국가 예산 확보를 위해 손을 맞잡았다... .. .. ..지난달 31일 전북도청에서 열린 ..‘국회의원ㆍ전라북도ㆍ시군 예산정책협의회’에서 공조 통한 2021년 국가 예산 확보 대응 방안 등이 논의됐다... .. .. ..이날 회의에는 송하진 지사와 김승수 전주시장 등 14명의 시장ㆍ군수, 그리고 더불어민주당.."
20200806,서울신문,한상봉,“태릉에 아파트를 … 지금도 숨막혀 광역교통대책 선행 돼야”,지역>강원,지역>경기,지역>충남,경기 구리시가 태릉골프장 83만㎡ 개발에 앞서 광역교통대책 마련을 정부에 요청하기로 했다고 1일 밝혔다. ..정부가 계획 중인 육군사관학교 이전과 태릉골프장 공공주택 건립 예정지 가운데 약 7만5000여㎡는 행정구역상 구리시 관할 지역이기 때문이다.더욱이 면적 50만㎡ 이상 또는 인구 1만명 이상 대규모 개발사업 때는 인근 도시에 영향을 주는 만큼 광역..
20200806,매일신문,이상준,대구 취수원 이전 '다변화'…'낙동강 뉴딜' 격상,지역>대구,지역>전북,지역>경남,안전한 물 확보를 위한 대구 취수원 이전 논의가 ..'다변화'로 옮겨가는 가운데 ..'낙동강 뉴딜 사업'을 통해 새로운 해법을 찾을지 관심이 집중되고 있다... .. .. .. .. 2일 대구시에 따르면 환경부의 취수원 다변화 방안 제시와 함께 낙동강 뉴딜 사업이 영남권 미래발전협의회 의제로 오를 가능성이 제기되고 있다... 뉴딜 사업으로 추진될 경우 ..
20200806,디지털타임스,이상현,"LH, 25㎾급 건물용 연료전지 기술실증 공간 제공",지역>경기,지역>대전,지역>충남,[디지털타임스 이상현 기자] 한국토지주택공사(LH)는 지난달 30일 LH 홍보관 ..'더스마티움'에서 연로전지 전문 중소기업인 S-퓨얼셀과 ..'25㎾급 건물용 연료전지 개발 및 기술실증 업무협약'을 체결했다고 2일 밝혔다. .. .. .. ..이번 업무협약은 정부의 그린뉴딜 종합계획에 발맞춘 신재생 에너지 국가 R&D 참여의 일환으로 국책과저 선정기관..
20200806,머니투데이,세종=김훈남|기자|,한달만에 3차추경 8.4조 썼다…재정으로 '성장률 방어' 가속,경제>취업_창업,경제>무역,,[머니투데이 세종=김훈남 기자] 정부가 코로나19(COVID-19) 경제위기 극복을 위해 편성한 제3차 추가경정(추경) 예산 집행에 속도를 내고 있다... .. .. ..지난달 4일 추경안이 국회를 넘어 편성된 이후 한 달이 채 안 돼 금융지원과 한국판 뉴딜 분야 등에 40% 이상을 집행했다... 8월과 9월 등 3분기 남은 추경 예산 집행에 속도를 내..
20200806,아시아경제,이춘희,그린리모델링 통해 공공임대주택 주거환경 개선 나선다,경제>부동산,지역>전북,경제>자원,[아시아경제 이춘희 기자] 정부가 그린뉴딜 핵심 과제 중 하나인 그린리모델링을 공공임대주택에 선제적으로 적용한다... .. .. .. ..국토교통부와 한국토지주택공사(LH)는 지난달 31일 노후 공공임대주택에 대한 그린리모델링 사업에 본격 착수했다고 3일 밝혔다... .. .. .. ..노후 공공임대주택 그린리모델링은 준공된 지 15년 이상 지난 영구임..
20200806,충북일보,손근방,박세복 영동군수 한국형 뉴딜 정책 적극 대응,지역>전북,지역>충남,지역>충북,［충북일보］ 박세복 영동군수가 간부회의에서 정부의 한국형 뉴딜 정책에 선제적 대응을 당부했다... .. .. ..박 군수는 ..대규모 재정이 투자되는 곳이 자치단체인 만큼 뉴딜과 연계한 미래 전략을 신속하게 수립해야 한다며 ..행정의 역량을 집중해 창의적인 아이디어를 공모하는 등 발 빠른 대응에 나서야 한다고 말했다... .. .. ..박 군수는..
20200806,디지털타임스,김민주,"두산중공업, 클럽모우CC 매각 완료…채권단에 상환 시작",경제>산업_기업,경제>금융_재테크,지역>강원,[디지털타임스 김민주 기자] 경영난으로 3조6000억원을 지원받은 두산중공업이 채권단에 차입금 상환을 시작했다... .. .. .. .. ..두산중공업은 하나금융-모아미래도 컨소시엄과 클럽모우CC 매각 거래를 완료하고 매각 대금 1850억원 중 일부 회원권 입회보증금 반환 비용 등을 제외한 돈으로 채권단 차입금을 상환했다고 2일 밝혔다... 상환액은 1..
20200806,머니투데이,최민경|기자|,"두산重, 골프장 판 돈으로 채권단 빚 처음 갚았다",경제>산업_기업,경제>금융_재테크,경제>증권_증시,"[머니투데이 최민경 기자] .. ..두산중공업이 강원도 골프장 클럽모우CC 매각 대금으로 채권단 차입금 상환에 성공했다. .. ..두산중공업은 하나금융-모아미래도 컨소시엄과 클럽모우CC 매각 거래를 완료하고, 매각 대금 1850억원 중 일부 회원권 입회보증금 반환비를 제외한 대금으로 채권단 차입금을 갚았다고 2일 밝혔다. .. ..이에 앞서 두산그룹은 .."
20200806,한국경제,조미현(mwise@hankyung.com);,김태년 민주당 원내대표 일반 재건축도 공공주택 공급 의무적용,정치>국회_정당,정치>청와대,경제>부동산,여당인 더불어민주당이 재건축에도 공공주택 공급을 의무화하는 방안을 검토하고 있다... 공공주택을 임대뿐 아니라 분양으로 공급하는 계획도 추진하기로 했다... .. .. .. ..김태년 원내대표는 지난 30일 한국경제신문과의 인터뷰에서 ..“규제 완화를 통해 발생하는 재건축 초과 이익은 반드시 환수해야 한다”며 ..“세금과 물량으로 각각 환수하는 방식을 ..
20200806,전자신문,김지선,"한국사회보장정보원-한국데이터산업진흥원, 데이터산업 발전 MOU 체결",IT_과학>IT_과학일반,,,한국사회보장정보원(원장 임희택)이 한국데이터산업진흥원(원장 민기영)과 ..'데이터산업 발전과 국민 맞춤형 통계정보 제공을 위한 업무협약(MOU)'을 맺었다. .. ..양 기관은 ..△데이터 산업 발전을 위한 각종 통계 인프라관련 정보 공동사용 협력 ..△국민 맞춤형 통계 정보 제공을 위한 연구 활동 상호 협력 ..△통계데이터 관련 전문 인력 양성을 ..
20200806,부산일보,최세헌,부산·경남·전남 ‘남해안 상생발전협의회’ 첫발,지역>부산,지역>경남,지역>경기,부산시·경남도·전남도 등 남해안권 3개 시·도가 남해안 상생발전을 위해 ..‘남해안 신성장 관광벨트’를 구축하기로 했다... 특히 이들 시·도는 공동성명을 통해 수도권 집중을 멈추고 실질적인 국가균형발전 정책을 추진해야 한다고 강조했다... .. .. .. .. 부산시는 지난달 31일 부산 해운대 누리마루APEC하우스에서 ..‘제1회 남해안 상생발전협의..
20200806,부산일보,송현수,"중부발전, 제3기 사회적경제기업가 육성사업 출범식…‘KOMIPO 뉴딜’시동",지역>대전,지역>충남,지역>경기,"제3기 사회적경제기업가 육성사업 출범식 후 관계자들이 파이팅을 외치고 있다(앞줄 왼쪽 세 번째부터 조성준 중부발전 사회가치혁신실장, 박찬무 충남사회경제네트워크 이사장)... 중부발전 제공 .. .. .. .. 한국중부발전(사장 박형구)은 지난 7월 31일 ..‘KOMIPO 뉴딜’의 성공적 추진 및 좋은 일자리 창출을 위한 ..‘제3기 사회적경제기업가 육.."
20200806,전자신문,유재희,원금보장수익률 연 3% '국민참여형 뉴딜펀드'...자율주행차5G 투자 물꼬,정치>행정_자치,경제>금융_재테크,경제>증권_증시,정부가 연 3%대 수익률을 노려볼 수 있는 국민참여형 뉴딜펀드 조성을 추진한다... 5G자율자동차 등의 투자유인책이 될 전망이다. .. ..2일 더불어민주당과 정부에 따르면 당정은 한국판 뉴딜 재원 조성과 국민소득 증대를 위한 뉴딜펀드 출시 구상을 이르면 이달 중 발표할 계획이다. .. ..민주당 K뉴딜위원회 디지털뉴딜 분과위원장인 이광재 의원이 국민..
20200806,중부매일,윤여군 기자,박세복 영동군수 한국형 뉴딜 정책 적극 대응,지역>전북,지역>충남,지역>충북,- .. .. .. ..［중부매일 윤여군 기자］박세복 영동군수가 정부의 한국형 뉴딜 정책에 선제적으로 대응하라고 지시했다... .. .. ..박 군수는 31일 간부회의에서 ..대규모 재정이 투자되는 곳이 자치단체인 만큼 뉴딜과 연계한 미래 전략을 신속하게 수립해야 한다며 ..행정의 역량을 집중해 창의적인 아이디어를 공모하는 등 발 빠른 대응에 나서..
20200806,중부일보,명종원,"구리시, 태릉골프장 개발 앞서 교통대책 수립 요청",지역>강원,지역>경기,지역>충남,구리시는 지난 31일 태릉골프장 83만㎡ 개발에 앞서 광역교통대책을 마련할 것을 정부에 요청하기로 했다고 2일 전했다... .. .. ..면적 50만㎡ 이상 또는 인구 1만명 이상의 대규모 개발사업 때는 인근 도시 등에 영향을 주는 만큼 광역교통대책을 마련하도록 특별법으로 정하고 있다... .. .. ..태릉골프장 인근에는 구리 갈매신도시가 건설됐으며 ..
20200806,한국경제,전범진(forward@hankyung.com);,하반기 실적 더 좋다…삼성전자·네이버·엔씨소프트 '찜',경제>증권_증시,경제>반도체,경제>자동차,"삼성전자와 현대자동차, 네이버 등 주요 상장사들이 2분기 실적을 발표하면서 시장의 관심은 어느덧 하반기 실적으로 향하고 있다... 투자자들은 신종 코로나바이러스 감염증(코로나19) 타격이 가장 컸을 것으로 보이는 2분기 실적에 의미를 두기보다 하반기, 그리고 그 이후에도 실적 개선을 기대할 만한 종목에 매수세를 집중하는 모습이다... .. .. .. .."
20200806,전북일보,엄철호,"익산시, ‘2021년 국가예산 확보 추진상황 보고회’ 개최",지역>충남,지역>경기,지역>전북,익산시의 내년도 국가예산 확보는 정부의 한국판 뉴딜 핵심 프로젝트에 초점이 맞춰진다... .. .. ..정부에서 역점적으로 추진하는 한국판 뉴딜정책에 부합한 적극적인 신규사업 발굴을 통해 역대 최대 규모의 국가예산을 확보함으로써 코로나19로 침체된 지역경제를 살리는 발판으로 삼겠다는 전략에서다... .. .. ..시는 지난달 31일 시청 상황실에서 유희..
20200806,중부매일,이희득 기자,"SK디앤디, 당진 대호지 태양광 발전사업 본격 추진",지역>충남,지역>강원,지역>경기,"- 최대 300MW 규모로 태양광 발전사업 확대 예정 .. .. .. ..SK디앤디,'대호지솔라파크'의공동 참여사인 이도ㆍ플라스포와 사업진행 및 운영에 대한 주주간협약서 체결［중부매일 이희득 기자］SK디앤디는 당진대호지면염해농지 일대대규모 태양광 발전사업의 본격적인 추진을 위해, 특수목적법인 ..'대호지 솔라파크'의 공동 참여사인 이도, 플라스포와 주주.."
20200807,서울경제,황정원 기자,또 국민펀드 한국판 뉴딜펀드 이르면 이달 발표,정치>행정_자치,경제>금융_재테크,경제>증권_증시,정부가 연 3%대 수익률을 기대해볼 수 있는 국민참여형 뉴딜펀드 조성을 추진한다... 당정은 뉴딜펀드를 출시해 수조원대 자금을 모으면 한국형 뉴딜에 힘을 실을 수 있을 것으로 기대하고 있다... 다만 지난해 일본의 수출규제에 대응해 나온 소재·부품·장비 분야에 투자하는 필승코리아 펀드와 같이 ..‘관제펀드’ 논란도 예상된다... .. .. .. ..2일..
20200807,광주매일신문,김진수 기자,이개호 ‘양봉산업발전법’ 연속 토론회 개최,지역>울산,지역>대전,지역>경북,"이개호 국회 농림축산식품해양수산위원장(더불어민주당, 담양 함평 영광 장성)은 4일 국회의원회관 제7간담회의실에서에서 ..‘양봉산업 발전법안 원년기념 제도활성화 제1차 토론회’를 개최한다. .. ..꿀벌의 멸종위기를 맞아 지속가능한 영농을 위한 양봉산업의 자연보전기능은 현재의 그린뉴딜 추세와 더불어 그 가치가 재조명되고 있는 상황이다... 이에 발맞춰 우.."
20200807,광주매일신문,김진수 기자,"이낙연, 균형발전 뉴딜 정책 발표",정치>선거,지역>강원,지역>대전,"이낙연 더불어민주당 당대표 후보는 지난달 31일 세종시에서 균형발전 뉴딜 정책 구상을 발표했다. .. ..이 후보는 이날 밀마루 전망대에 올라 세종시 전체를 조망하고 균형발전 상징공원을 방문한 자리에서 균형발전 뉴딜에 대한 4개의 세부과제를 제시했다. .. ..균형발전 뉴딜 세부과제에 대해 이 후보는 ..“첫째 행정수도 이전 및 세종의 완성, 둘째 권역.."
20200807,광주매일신문,,"‘어게인, 순천정원박람회’ 뉴딜 성공모델 기대",지역>전남,지역>경남,지역>전북,"순천만국제정원박람회가 3년 뒤 정부 승인 국제행사로 다시 개최돼 주목된다... 지난 3월 미국 마이애미에서 열린 AIPH(국제원예생산자협회) 총회에서 만장일치로 국제행사 개최 승인을 받은데 이어 최근 정부의 심의 절차까지 마쳤다... 이번 정부 승인을 계기로 국비 등 행정·재정 지원에 탄력을 받는 것은 물론, 10년 만에 다시 여는 박람회로 2만5천명이.."
20200807,광주매일신문,목포=정해선 기자,"목포 남항, 미래형 친환경선박 메카 조성",지역>전남,지역>경남,지역>울산,"관광, 수산식품과 더불어 목포시의 3대 미래 먹거리 산업인 신재생에너지 산업이 정부와 전남도의 정책과 맞물려 탄력을 받고 있다. .. ..목포시는 2일 ..“목포신항과 대양산단을 중심으로 조성하고 있는 해상풍력산업 전진기지와 함께 목포 남항에는 친환경 선박 클러스터를 구축, 신재생에너지 메카로 육성할 계획”이라고 밝혔다. .. ..우선 올해 4월 남항에.."
20200807,머니투데이,서진욱 |기자,"엇갈린 초선의 본회의 데뷔… 빛난 野, 선넘은 與 누구",정치>국회_정당,정치>행정_자치,정치>선거,"[머니투데이 서진욱 기자] ..[[the300]] .. .. 윤희숙 미래통합당 의원(왼쪽)과 조정훈 시대전환 의원... ../사진=뉴시스. ..초선 국회의원들의 본회의 데뷔 무대가 엇갈렸다... 야권이 묻힌 국회에서 빛난 야당 의원들이 나온 반면, 대정부질문 취지를 왜곡한 여당 의원도 있었다. .. ..윤희숙 미래통합당 의원과 조정훈 시대전환 의원은 7.."
20200807,머니투데이,박미주|기자|,노후공공임대 1만300가구 '그린리모델링' 착수,경제>부동산,경제>자원,지역>전북,"[머니투데이 박미주 기자] ..[에너지 절감 건물로 재탄생… 2세대 통합해 전용면적 52㎡짜리도 공급] .. .. .. 사진= 국토부 .. ..노후 공공임대주택 1만300가구가 에너지 절감 건물로 재탄생한다... 정부가 추진하는 그린뉴딜 중 일부인 ..'그린리모델링' 사업의 일환이다... 일부 영구임대는 세대를 통합해 다자녀가구, 신혼부부 등을 위한 전.."
20200807,디지털타임스,이상현,"LH, ‘제1회 LH 공공데이터 활용 창업경진대회’ 시상식 개최",경제>경제일반,IT_과학>IT_과학일반,,[디지털타임스 이상현 기자] 한국토지주택공사(LH)는 서울 강남구 소재 LH 더 스마티움에서 ..'제1회 LH 공공데이터 활용 창업경진대회' 시상식을 개최했다고 2일 밝혔다. .. .. .. ..이 대회는 급증하는 공공데이터 수요에 대응하는 창의적인 아이디어 및 신규 비즈니스 모델 발굴 지원과 함께 데이터를 기반으로 한 창업활동을 장려하기 위해 마련됐다..
20200807,아시아경제,이창환,"두산중공업, 클럽모우CC 매각 완료…채권단 긴급운영자금 첫 상환",경제>산업_기업,경제>금융_재테크,,[아시아경제 이창환 기자] 두산중공업은 2일 하나금융-모아미래도 컨소시엄과 클럽모우CC 매각 거래를 완료하고 매각 대금 1850억원 중 일부 회원권 입회보증금 반환 비용 등을 제외한 대금으로 채권단 차입금을 상환했다고 밝혔다... .. .. .. ..이번 상환은 채권단의 긴급운영자금 지원 이후 첫번째 상환이다... 두산중공업은 조기에 이뤄낸 이번 첫 상..
20200807,아시아경제,이광호,수익률 연 3%대 '국민참여형 뉴딜펀드' 조성 추진,정치>행정_자치,경제>금융_재테크,경제>증권_증시,[아시아경제 이광호 기자]정부가 연 3%대 수익률이 가능한 ..'국민참여형 뉴딜펀드' 조성을 추진한다... .. .. .. ..2일 더불어민주당과 정부에 따르면 당정은 한국판 뉴딜 재원 조성과 국민소득 증대를 위한 뉴딜펀드 출시 구상을 이달 중 발표할 계획이다... .. .. .. ..민주당 K뉴딜위원회 디지털뉴딜 분과위원장인 이광재 의원이 국민참여형 ..
20200807,대전일보,박영문,"민주당 장철민 의원, 기상이변 대책 마련 강조",정치>국회_정당,지역>경남,지역>대전,"장철민 더불어민주당 의원(대전 동구)은 지난달 31일 국회 환경노동위원회에서 환경부와 기상청을 상대로 기후변화에 따른 폭우 등 기상이변 대책 마련이 시급함을 강조했다... .. ..장 의원은 ..지난 30일 대전에 시간당 100㎜ 이상 폭우가 내렸는데, 이는 기상관측상 최초의 일이라며 ..도시인프라나 공무원 조직이 기상이변에 준비가 돼 있지 않다.."
20200807,디지털타임스,안경애,차세대 우체국금융시스템 잡자… 삼성·LG·SK 빅3 전면전,경제>경제일반,,,올 하반기 SI(시스템통합) 최대 격전사업으로 꼽혀온 우체국 차세대 종합금융시스템 사업자 선정작업이 시작된다... 2000억원이 넘는 대형 프로젝트를 수주하기 위해 삼성·LG·SK 등 국내 ..'SI 빅3' 가 가세해 전면전이 예고된다... .. .. .. .. ..우정사업본부는 우체국 예금·보험시스템을 빅뱅 방식으로 전면 재구축하는 2064억 규모 사..
20200807,한국경제,조미현(mwise@hankyung.com);,재건축 공공주택 공급 의무화…임대·분양 적절한 수준서 배정,경제>부동산,정치>국회_정당,정치>청와대,여당인 더불어민주당이 재건축에도 공공주택 공급을 의무화하는 방안을 추진한다... 공공주택을 임대뿐 아니라 분양으로 공급하는 것도 검토하기로 했다... .. .. .. ..김태년 민주당 원내대표(사진)는 지난달 30일 국회에서 한 한국경제신문과의 인터뷰에서 ..“규제 완화로 발생하는 재건축 초과이익은 반드시 환수해야 한다”며 ..“세금과 물량으로 각각 환..
20200807,디지털타임스,이상현,"LH, 25㎾급 건물용 연료전지 개발 박차…5년간 140억 투입",경제>산업_기업,지역>대전,지역>경기,[디지털타임스 이상현 기자] 한국토지주택공사(LH)는 지난달 30일 LH 홍보관 ..'더스마티움'에서 연로전지 전문 중소기업인 S-퓨얼셀과 ..'25㎾급 건물용 연료전지 개발 및 기술실증 업무협약'을 체결했다고 2일 밝혔다. .. .. .. ..이번 업무협약은 정부의 그린뉴딜 종합계획에 발맞춘 신재생 에너지 국가 R&D 참여의 일환으로 국책과저 선정기관..
20200807,전북도민일보,최규명 　,‘한국판 뉴딜’ 정책을 전북발전의 계기로 삼아야,경제>경제일반,,,　정부가 2020년 7월 14일 코로나19 사태 이후 경기 회복을 위해 마련한 국가 프로젝트인 ..‘한국판 뉴딜 종합계획’을 확정ㆍ발표했다... 이는 앞서 2020년 4월 문재인 대통령이 5차 비상경제회의에서 코로나19 사태 이후 경기 회복을 위해 주문한 것에서 시작돼 5월 7일에는 3대 프로젝트와 이에 맞춘 10대 중점 추진과제가 발표된 바 있다...
20200807,한국경제,,"美 추가 경기부양책·한국판 뉴딜 호재…숨고르는 삼성전자, 추가 상승 가능성",경제>증권_증시,경제>자동차,경제>반도체,"미국과 중국의 갈등이 심화되면서 시장에 불안감을 주는 모습이다... 하지만 양국의 상호 영사관 폐쇄라는 극단 조치는 도널드 트럼프 대통령의 재선 전략이라는 인식이 팽배하다... 트럼프 대통령이 재선을 앞두고 예상치 못한 경기부양책을 꺼내들 수 있다는 기대감도 나오고 있다... .. .. .. ..미 중앙은행(Fed)은 금리를 동결했지만, 코로나19로 인.."
20200807,전자신문,김지선,[월요논단]국가 경제를 선도할 AI 집적단지,경제>취업_창업,경제>반도체,경제>무역,"액센츄어 보고서에 따르면 인공지능(AI)은 정보통신기술(ICT)의 하나가 아니라 노동자본토지와 함께 생산의 4대 요소로서 노동생산성 저하, 경제성장 둔화 문제를 해결할 것으로 전망된다... 특히 ICT, 제조, 금융 등 기존 산업의 혁신을 촉발해서 오는 2035년까지 미국독일일본 등 주요국의 연간 경제성장률을 약 2배 증가시킬 것으로 예측된다..."
20200807,한국경제,전범진(forward@hankyung.com);,"반도체 장비株 해성디에스, '그린 뉴딜' 수혜 한화솔루션 관심을",경제>반도체,경제>증권_증시,경제>유통,"코스피지수가 연중 최고점에 근접했다... 그동안 ..‘동학개미’들은 폭락장에서 쏟아지는 매도물량을 받아내면서 고점 탈환에 기여했다... 투자자 사이에서는 ..“진짜 싸움은 지금부터”라는 평가가 나온다... 상반기 주식시장은 코로나19의 타격을 감안해 기업들이 악화된 실적을 신고해도 낙관적인 모습을 보였지만, 본격적인 실적 반등이 기대되는 하반기에는 깐깐.."
20200807,전자신문,안영국,한국판 뉴딜 전략회의는 언제쯤...물 건너간 7월 가동,정치>청와대,정치>국회_정당,,문재인 대통령이 직접 이끌 것으로 알려진 ..'한국판 뉴딜 전략회의' 가동이 늦어지고 있다... 문 대통령이 주재하며 ..'속도'를 붙일 것으로 예상됐지만 7월 내 가동한다는 당초 계획이 틀어졌다. .. ..부동산 대책 등 시급 현안에 우선순위가 밀렸다는 분석과 함께 대통령이 직접 주재하고 결정할 수준의 안건이 준비되지 않은 것 아니냐는 지적도 나온다...
20200807,매일경제,"임영신,이용익",[단독] 구현모·하현회 `의기투합`…VR 콘텐츠 맞교환한다,IT_과학>콘텐츠,IT_과학>모바일,경제>경제일반,구현모 KT 대표와 하현회 LG유플러스 부회장이 5세대(5G)용 가상현실(VR) 콘텐츠를 맞교환하는 ..'통 큰 결정'을 내렸다... 5G 고객을 유치하기 위해 치열한 경쟁을 벌이는 통신사들이 콘텐츠 공유라는 이례적 실험에 나선 것이다... 이번 전략적 협력을 계기로 VR 시장이 활성화될지 주목된다. ..2일 통신 업계에 따르면 KT와 LG유플러스가 이..
20200807,전북일보,김선찬,전북 중소기업 체감경기 2개월 연속 소폭 하락세,경제>산업_기업,경제>증권_증시,경제>유통,전북지역 중소기업들의 체감 경기 전망이 2개월 연속 하락세를 보였다... .. .. ..중소기업중앙회 전북지역본부가 지난달 15일부터 22일까지 도내 125개 중소기업을 대상으로 실시한 ..‘2020년 8월 전북지역 중소기업경기전망조사’에 따르면 8월 업황전망 경기전망지수 전월대비 1.7p 하락한 80.8로 나타났다... .. .. ..이는 올해 7월(..
20200807,매일경제,양연호,"당정, 年3%수익 `국민참여 뉴딜펀드` 이달중 출시 구상 발표",지역>충남,정치>행정_자치,경제>금융_재테크,정부가 연 3%대 수익률을 노려볼 수 있는 국민참여형 뉴딜펀드 조성을 추진한다... 2일 더불어민주당과 정부에 따르면 당정은 한국판 뉴딜 재원 조성과 국민소득 증대를 위한 뉴딜펀드 출시 구상을 이르면 이달 중에 발표할 계획이다... 원금을 보장하고 수익률은 연 3% 안팎으로 설정하겠다는 계획이다... 당정은 뉴딜펀드에 세제 혜택도 부여하고 해당 펀드가 ..
20200807,중도일보,김흥수 기자,충남정보보호지원센터 개소식,IT_과학>보안,지역>울산,지역>충남,"충남도는 지난달 31일 천안에 위치한 충남테크노파크 스마트ICT융합센터에서 ..'충남정보보호지원센터 개소식'을 열고, 성공적인 안착을 다짐했다... 이날 개소식은 도와 과기부, 한국인터넷진흥원, 충남테크노파크, 도내 기업 및 단체 등 관계자 30여 명이 참석한 가운데 열렸다... 이번에 개소한 충남정보보호지원센터는 과학기술정보통신부·한국인터넷진흥원의 2.."
20200807,대전일보,차진영,"㈜이도, 당진 염해농지 100MW 태양광 사업 본격 추진",지역>충남,경제>자원,지역>경기,"[당진]국내 유일의 통합운영관리 전문 회사인 주식회사 이도(YIDO, 대표이사 최정훈)가 정부의 ..'그린뉴딜' 정책에 맞춰 신재생 에너지 사업 육성에 나선다. ..㈜이도는 당진 대호지면 일대 염해농지에 대규모 태양광 발전사업의 본격 추진을 위해 공동 참여사인 SK디앤디, 플라스포와 주주간협약서를 체결했다고 3일 밝혔다 ..이번 사업에서 ..㈜이도는 금.."
20200807,경향신문,대구 | 조형국 기자 situation@kyunghyang.com,영남 찾은 민주당 당권 후보들…이 “지역 안배” 김 “영남 당대표를” 박 “개혁”,정치>국회_정당,지역>대구,정치>선거,"영남권 표심을 사로잡기 위한 더불어민주당 당권주자 3인의 지지 호소가 1~2일 대구·경북(TK), 부산·울산·경남(PK)에서 펼쳐졌다... 지난 4·15 총선에서 민주당에 참패를 안긴 영남은 2022년 정권 재창출을 위한 핵심 공략 지역으로 꼽힌다... 대선을 위해 영남 지지를 끌어 모아야 하는 이낙연 후보(68)와 영남이 ..‘베이스캠프’인 김부겸 후.."
20200807,파이낸셜뉴스,파이낸셜뉴스,[특별기고] 고용안전망이 '한국판 뉴딜' 성패 가른다,경제>취업_창업,,,"코로나19 감염증 광풍이 반년 넘게 세계를 휩쓸고 있다... 벌써 전 세계 누적 확진자가 1800만명을 넘어섰다... 세계 인구 443명당 1명이 걸린 셈이다. .. .. .. .. .. ..사실 올 초만 해도 우리나라 역시 상황이 매우 안 좋았다... 코로나19 최초 발생국인 중국과 인접했고, 국가방역 통제를 벗어나려는 종교단체 반발까지 우리가 넘어야.."
20200807,파이낸셜뉴스,연지안,"경기, 빠른 수출 회복이 관건… 추경·뉴딜정책 효과도 주목 [3분기 경기 반등할까]",경제>무역,경제>취업_창업,경제>외환,경제전문가 3분기 전망 .. ..코로나·무역갈등 변수도 커 .. ..中 성장률 추이 지켜봐야 .. ..연간 기준 플러스는 힘들어 .. .. .. .. .. .. .. .. .. .. .. .. .. .. .. .. .. .. .. .. ..3·4분기 국내 경제성장률 반등이 주목되고 있다... 정부가 이달을 시작으로 본격적인 경기 회복에 속도를 낸다는 방..
20200807,매일경제,,[기고] `데이터 댐` 양질의 정보 수문 열어야,IT_과학>IT_과학일반,경제>경제일반,,"정부는 코로나19 사태 이후 경기 회복을 위한 국가 프로젝트의 일환으로 ..'한국판 뉴딜 종합계획'을 발표했다... 2025년까지 디지털 뉴딜과 그린 뉴딜, 안전망 강화 등 세 축을 중심으로 천문학적 투자가 정부 주도로 이뤄지는 것이 핵심이다... .. ..특히 디지털 뉴딜의 대표 과제는 정부가 가지고 있는 14만여 개의 공공데이터를 전면 개방해 누구든.."
20200808,국민일보,권민지,"LG화학, 신성장동력 ‘배터리’ 수익 가능성 입증",경제>자동차,경제>자원,경제>무역,"LG화학이 신성장동력 ..‘배터리’의 수익 가능성을 입증했다... 20년간의 집요한 연구·개발(R&D)이 수확의 시기를 맞았다는 평가다... 하반기에는 완성차 업체들의 전기차 출시가 예정돼 있고 유럽, 중국 등 주요 시장의 친환경 기조 확대가 진행 중인 만큼 안정적인 수익 창출원으로 자리할 것이라는 전망이다... .. .. .. ..LG화학은 지난달 3.."
20200808,한국경제,전범진(forward@hankyung.com);,증시 본격 '상승 랠리' 이제 시작…비대면·수소경제株가 시장 주도,경제>증권_증시,경제>금융_재테크,경제>반도체,신종 코로나바이러스 감염증(코로나19)이 터진 지 반년이 지났지만 진정 기미는 보이지 않는다... 경기 반등을 낙관하기도 어렵다... 반면 주식시장은 연중 최고점 수준으로 올라섰다... 주식시장과 실물경기의 괴리가 커지자 투자자의 고민도 깊어지고 있다... .. .. .. ..고숭철 NH아문디자산운용 최고투자책임자(CIO·사진)는 3일 한국경제신문과의 ..
20200808,한국경제,고재연(yeon@hankyung.com);,신들린 개미…박스권에 사서 뉴스에 팔았다,경제>증권_증시,경제>자동차,경제>유통,지난달 28일 삼성전자 주가가 5.4% 급등했다... 오랜만에 돌아온 외국인 투자자들이 삼성전자를 9208억원어치 순매수했다... 개인 투자자들은 이날 주저하지 않고 8965억원어치를 던졌다... 개인들은 대신 같은 날 0.36%밖에 오르지 않은 SK하이닉스를 순매수했다... 외국인이 돌아오면 국내 시가총액 2위 반도체 기업인 SK하이닉스 주가도 오를 ..
20200808,조선일보,김민우 기자,[인터뷰] 이영 알짜기업도 신사업으로 망한다…160조 한국판 뉴딜 주의보,정치>행정_자치,경제>취업_창업,IT_과학>IT_과학일반,[위풍당당 초선 경제통] .. .. .. ..⑦미래통합당 이영 의원 .. .. .. ..급하게 계획 만드느라 내용 부실 .. ..한국판 뉴딜 하지 말자는 것 아냐 .. ..한국 IT 강국이지만 원천기술 부족 .. ..끝장 각오로 국가가 무한 지원해야 .. ..사고만 안 나면 된다는 정부…답답해 .. .. .. .. ..기업도 신사업 ..
20200808,경향신문,박은하 기자 eunha999@kyunghyang.com,강신욱 통계청장 “부처 간 데이터 공유 위해 통계법 손질해야”,IT_과학>인터넷_SNS,IT_과학>보안,,"ㆍ소득 관련 부처별 통계 실시간 통합 땐 정책 수립에도 큰 힘 .. ..ㆍ‘데이터청’ 설립에 적극 관여 고품질 데이터 노하우 전할 것 .. .. .. ..“데이터는 모아놓는 것만으로는 만능이 아닙니다... 정확하게 필요한 데이터가 무엇이고, 그 데이터의 품질을 어떻게 높일지 고민이 필요합니다.” .. .. ..강신욱 통계청장은 지난달 30일 정부대전청사.."
20200808,울산매일,김우성 (재)울산인재평생교육진흥원 환경교육센터 팀장,[사는이야기] 내가 아니라 우리가 바꿔야 한다,사회>사회일반,지역>충남,지역>경남,"울산시ㆍ시의회ㆍ교육청 ..'기후위기 대응 공동선언' .. .. ..우리가 온난화 위기 막을 수 있는 마지막 세대 .. .. ..개인행동 보다 함께 모여 사회 시스템 바꿔야 .. .. ..덥다... 절기는 하지를 지났고, 태양은 완연한 여름의 빛을 내고 있다... 올 여름은 예년보다 더 더울 확률이 높다고 한다... 이제 우리에게 더운 여름, 짧은 봄가을.."
20200808,세계일보,강민한,김경수 “불안한 낙동강 대신 새 취수원 발굴하겠다”,사회>환경,지역>강원,지역>경북,최근 양산 신도시 정수장과 취수장을 방문한 김경수 지사(왼쪽 세번째)가 수돗물 공급과정을 점검하고 있다... 경남도 제공 김경수 경남지사가 ..“불안한 낙동강에 우리 도민들의 먹는 물 안전을 맡길 수 없다”며 ..“낙동강 본류 외 새 취수원 발굴을 추진 하겠다”고 밝혔다... .. .. .. .. 동부와 중부경남 191만 도민들이 낙동강 본류를 취수원으..
20200808,디지털타임스,김승룡,동서발전 7兆 투자 일자리 3만8000개 목표,경제>자원,지역>경기,지역>울산,"한국동서발전은 정부의 ..'한국판 뉴딜' 정책에 맞춰 오는 2025년까지 약 7조원을 투자해 새 일자리 3만8000개를 창출할 계획이라고 3일 밝혔다. .. .. .. ..동서발전은 이날 본사 경영진과 간부, 현장 사업소장 전원이 화상으로 참여해 이같은 내용의 ..'동서발전형 뉴딜 종합계획'을 확정했다고 설명했다. .. .. .. ..회사는 ..△신재생.."
20200808,디지털타임스,김승룡,30돌 앞둔 전자부품硏 → 한국전자기술연구원 개명,IT_과학>모바일,IT_과학>과학,,전자부품연구원은(KETI)은 내년 창립 30주년에 앞서 연구원 이름을 ..'한국전자기술연구원'으로 변경했다고 3일 밝혔다. .. .. .. ..연구원은 1991년 설립부터 사용한 영문명칭인 ..'Korea Electronics Technology Institute'(KETI)와 같은 우리말 이름인 ..'한국전자기술연구원'으로 이름과 기업이미지(CI)를 ..
20200808,강원일보,,[확대경]강릉형 뉴딜을 위한 상상,지역>울산,지역>충남,지역>대구,"최근 한국형 뉴딜정책에 이은 강원도형 뉴딜정책 발표를 보면서 강릉의 미래를 상상해 본다. .. ..뉴딜이란 1929년 미국 대공황 시절 루스벨트 정부가 재정 확대, 기업에 대한 규제 확대, 노동자와 서민들의 권익과 소득 향상 등의 수단을 통해 유효수요를 창출하려는 노력으로 요약할 수 있다. .. ..2020년판 한국의 뉴딜정책은 디지털뉴딜과 그린뉴딜로 .."
20200808,경인일보,윤설아,[한국판 그린뉴딜의 중심 인천·(上)바다위의 발전소 '해상풍력']주민 수용성·환경성 뒤따라야 '발전' 속도 높인다,지역>충남,지역>강원,지역>대전,사업 진행기간 7~10년이상 소요 .. ..부지발굴·보상협의 ..'투트랙' 필요 .. ..민간사업자에 다 맡긴 구조 힘들어 .. ..정부·지자체 개입 ..'법령개정' 시급 .. .. .. .. .. .. .. ..해상풍력발전단지 조성 사업의 가장 큰 걸림돌은 주민·어민과의 이익 상충과 해양 환경 피해 우려다... 1990년대부터 해상풍력발전에 뛰어든 유..
20200808,헤럴드경제,지현우 기자,윤화섭 안산시장 “진정한 수소명품도시로 자리매김할 것”,지역>경기,지역>경남,지역>충북,[헤럴드경제(안산)=지현우 기자] 안산시(시장 윤화섭)가 수소시범도시 사업과 수소충전 인프라 조성 등 선도적으로 추진 중인 수소산업 생태계 구축 사업을 위해 수소에너지 전담조직을 구성한다고 3일 밝혔다... .. .. .. .. 시에 따르면 지난해 말 수소시범도시 선정과 함께 수소연료전지차와 충전 인프라 구축 등 다양한 수소에너지 관련 사업이 추진되면서..
20200808,아시아경제,황윤주,"SK디앤디, 당진 대호지 태양광 발전사업 본격 추진…공동 참여사와 주주 간 협약서 체결",지역>충남,지역>강원,지역>경기,"[아시아경제 황윤주 기자] SK디앤디는 당진 대호지면 염해농지 일대 대규모 태양광 발전사업의 본격적인 추진을 위해, 특수목적법인 ..‘대호지 솔라파크’의 공동 참여사인 이도, 플라스포와 주주 간 협약서를 체결했다고 3일 밝혔다... .. .. .. ..‘대호지 솔라파크’는 당진시 대호지면 사성리·적서리 일원에 태양광 발전 사업을 위해 SK디앤디, 이도,.."
20200808,머니투데이,중기협력팀 박새롬|기자|,"플라스포, 대규모 염해농지 태양광 발전사업 본격 추진",지역>대전,지역>경기,지역>전남,"[머니투데이 중기협력팀 박새롬 기자] ..(사진 앞줄 왼쪽부터) 김해중 에스케이디앤디 담당자, 정종찬 이도 전무, 권오정 플라스포 대표가 ..'대호지솔라파크' 주주협약식을 맺고 기념촬영 중이다/사진제공=플라스포그린뉴딜의 핵심기업 플라스포(대표 권오정)가 충청남도 당진시 대호지면 염해농지에서 대규모 태양광 발전 사업을 본격 추진하고자 공동 참여사 SK D.."
20200808,머니투데이,백지수|기자|,"삼성SDS·NHN '클라우드 동맹'…디지털 뉴딜, 힘 보탠다",IT_과학>인터넷_SNS,경제>산업_기업,IT_과학>모바일,"[머니투데이 백지수 기자] ../삽화=이지혜 디자인기자 ..정부의 디지털 뉴딜 정책 시행과 맞물려 클라우드 시장이 본격 개화될 것으로 전망되는 가운데 IT(정보기술) 기업들의 합종연횡이 잇따르고 있다. .. ..이르면 이달 말, 늦어도 9~10월쯤 공고가 쏟아질 공공 입찰 사업 대다수가 클라우드 환경 전환과 관련될 것으로 예상되면서 아마존, 마이크로소프.."
20200809,경남도민일보,이동욱 기자,대중교통 공공성 강화 논의 나서야,사회>노동_복지,,,경남지역 정치권이 나흘 만에 이뤄진 창원 시내버스 운행 정상화를 환영하며 철저한 준공영제 준비를 당부했다... .. .. ..정의당 경남도당은 이번 파업이 깊이 뿌리내린 버스 운영에 관한 불신을 없애고 대중교통 공공성을 강화하는 사회적 논의의 출발점이 되기를 바란다고 밝혔다... .. .. ..정의당 도당은 2일 논평을 내고 ..지금까지는 파업의 책임..
20200810,파이낸셜뉴스,박소연,"LH, 25kW급 건물용 연료전지 기술실증 협약",경제>산업_기업,지역>대전,지역>경기,S-퓨얼셀과 MOU .. .. .. .. .. .. .. .. .. .. .. .. .. .. .. .. .. .. .. .. .. 지난 달 30일 ..'25kW급 건물용 연료전지 기술실증 업무협약' 체결식에서 안한근 LH 도시기반처장(왼쪽 여섯번째)과 전희권 S-퓨얼셀 대표(왼쪽 다섯번째)가 기념촬영을 하고 있다... LH 제공 .. .. .. .. ..
20200810,경남신문,김희진,"‘1000만 젖줄’ 둘러싼 취수방식 갈등, 통합물관리로 해결될까",사회>환경,지역>경남,지역>부산,최근 인천지역에서 발생한 수돗물 유충 사고로 먹는 물 안전성에 대한 전국민적 관심이 여느 때보다 높다... 환경부를 중심으로 전국 지자체가 취·정수장 점검에 나섰고 깨끗하고 안전한 물을 공급하기 위한 대책을 마련하겠다고 약속했다. .. ..국민은 누구나 안전한 물을 마실 권리를 법으로 보장 받는다... 하지만 안타깝게도 낙동강물을 취수해 식수로 먹는 경..
20200810,경남신문,김한근,"“경남·부산·전남, 수도권 대응할 거점 만들자”",지역>경남,지역>부산,지역>대전,"경남과 부산, 전남 등 3개 시·도가 남해안 공동체를 선언하고 남해안권을 수도권에 대응할 새로운 성장거점으로 만드는데 공동 노력하기로 합의했다. .. ..김경수 경남지사와 변성완 부산시장 권한대행, 김영록 전남지사는 지난달 31일 부산 누리마루 APEC하우스에서 ..‘제1회 남해안 상생발전협의회’를 열고 이같이 밝혔다. .. ..3개 시·도는 지난 20.."
20200810,동아일보,박지원,한국판 그린뉴딜 발맞춰 ‘ 해상풍력’ 신사업 순풍,경제>산업_기업,경제>자원,경제>취업_창업,"신재생에너지 전문기업 ..‘대한그린에너지’가 코스닥 상장사 ..‘케이알피앤’의 최대 주주인 코르몬파트너스의 지분 전량을 신동희 대표이사로부터 인수한 데 이어 7월 ..‘대한그린파워’로 사명을 변경하며 다시 한번 신재생에너지 사업에 대한 굳건한 의지를 다졌다... 대한그린파워(대표 박근식)는 풍력발전, 태양광발전, 바이오연료 제조 등의 사업을 영위하고 있.."
20200810,아시아경제,호남취재본부 서영서,해남군 ‘포스트 코로나 시대’ 이끌 아이디어 공모,지역>충남,지역>경남,지역>전남,"[아시아경제 호남취재본부 김 현 기자] 전남 해남군(군수 명현관)은 코로나 위기를 극복하고, 포스트 코로나를 이끌어갈 해남 발전 방안에 대한 정책제안을 공모한다고 3일 밝혔다... .. .. .. ..제안 공모의 주제는 해남형 뉴딜과 땅끝 희망 슬로건, 해남군 종합발전계획 수립으로 일상생활을 바꿀 작은 아이디어에서부터 군정 각 분야 정책제안까지 폭넓은 .."
20200810,부산일보,정태백,"김해형 그린뉴딜, 2025년까지 공공 친환경차 6000여대 보급...10년내 시내버스 내연기관 퇴출",지역>대전,지역>대구,지역>전남,경남 김해시는 김해형 그린뉴딜 사업의 하나로 공공·대중교통 분야에서 내연기관 퇴출 수준의 친환경차 보급에 나선다고 3일 밝혔다... .. .. .. .. 이 계획에 따라 시내버스는 2030년까지 내연기관을 퇴출시킨다는 방침이다... 내연기관은 내부에서 연료 연소가 이뤄져 이산화탄소발생 등 환경오염원을 배출하기 때문이다... 또 민간부문에도 미래차(전기차..
20200810,조선일보,세종/박성우 기자,"기재부 TF, 디지털 뉴딜의 심장 '데이터 컨트롤타워' 설립 착수",IT_과학>IT_과학일반,,,정부가 디지털 뉴딜의 핵심 사업인 ..‘데이터댐’의 댐지기 역할을 하게 될 데이터관리 조직을 설립하는 작업에 착수했다... 차관급 조직으로 데이터청(廳) 또는 데이터위원회 형태의 부처를 신설하겠다는 구상을 갖고 있는 것으로 알려졌다... .. .. .. ..이 조직은 민간과 공공기관에 축적되는 데이터를 저장·관리·활용하는 국가 데이터 컨트롤 타워 역할을..
20200810,조선일보,박소정 기자,산은 “내년 1분기까지 저비용항공사 추가 지원”,지역>경기,경제>산업_기업,경제>금융_재테크,최대현 KDB산업은행 기업금융부문 부행장은 정부 프로그램 등을 이용해 내년 1분기까지 저비용항공사(LCC)가 필요로 하는 자금을 지원할 방침이라고 3일 밝혔다... 두산중공업(034020)에 대해서는 에너지전문기업으로 변화할 수 있도록 자구 계획 이행 상황을 점검해 나가겠다고 했다... .. .. .. ..최 부행장은 ..지난 2월 17일 산은이 LC..
20200810,매일경제,조성신,"한국동서발전, 2025년까지 7조원 투자 신규 일자리 3.8만개 창출",경제>자원,IT_과학>과학,경제>취업_창업,"한국동서발전은 정부의 한국판 뉴딜 정책에 발맞춰 오는 2025년까지 7조461억 원을 투자해 신규 일자리 3만8000개 창출에 나선다. ..동서발전은 3일 경영전략회의를 열어 본사 경영진과 간부, 현장 사업소장 전원이 화상으로 참여한 가운데 이와 같은 내용의 ..'동서발전형 뉴딜 종합계획'을 확정했다고 밝혔다. ..동서발전형 뉴딜은 ..'신재생에너지 투.."
20200810,매일신문,서광호,대구 취수원 사업비 7천억~1조원 '한국판 뉴딜' 판 키우자,지역>충남,지역>전북,지역>경기,대구의 취수원 다변화에는 막대한 예산이 들어가는 만큼 필요한 재원을 마련하는 것이 중요한 과제가 될 전망이다... 대안에 따라 차이가 있지만 적게는 7천억 원에서 많게는 1조 원이 들어갈 전망이다... 이는 관로 확충과 정수처리 강화 등에 들어가는 금액이다... .. .. .. .. 관로 설치는 광역 상수도 사업으로 진행된다... 이 경우 사업 주체는 ..
20200810,디지털타임스,윤선영,"과기정통부, 2분기 적극행정 사례에 `온라인 개학 지원` 등 선정",지역>대전,IT_과학>과학,IT_과학>인터넷_SNS,"과학기술정보통신부가 온라인 개학 지원, 소재·부품·장비 관련 혁신 연구 방식 도입 등 2분기 ..'적극행정 우수사례'를 선정했다고 3일 밝혔다. .. .. .. ..최우수로 선정된 ..'온라인 개학 전방위 지원을 통한 안정적 원격학습 환경 제공' 사례는 안정적 원격 학습에 필요한 디지털 환경을 제공하고자 민·관 협력 체계 구축 운영 등 국민편익 증진에 .."
20200811,전자신문,김한식,"전남도, 무료 85개 디지털 역량센터 운영…디지털 역량강화",지역>전북,지역>대전,지역>충북,"전라남도는 ..'한국판 뉴딜'의 핵심 과제인 안전망 강화사업 일환으로 39억 원의 국비를 확보해 ..'디지털 역량강화 교육사업'을 추진한다고 3일 밝혔다. .. ..이번 사업은 도민 누구나 무료로 집 근처에서 실생활에 필요한 디지털 교육을 받을 수 있다... 올해 주민센터와 복지관, 마을회관 등 85개소를 디지털 역량센터로 지정해 도민 2만5500명을 .."
20200811,매일신문,서광호,낙동강 상류서 물 끌어오고 대구선 정수처리 강화,지역>대구,사회>환경,지역>경북,"대구시 취수원 이전 문제가 ..'다변화'로 대전환점을 맞았다... 대구시는 기존 취수원 이전이 해당 지방자치단체 주민 반대와 수량 부족 등으로 어려움을 겪자 다변화 카드를 꺼내들었다... .. .. .. .. 전체 필요한 수량 중 일부를 낙동강 상류에서 끌어오고, 나머지는 대구 내부 취수원 정수처리를 강화한다는 복안이다... 앞으로 사업의 성패는 반대 .."
20200811,부산일보,송현수,"동서발전, 2025년까지 7조 원 투자 ‘동서발전형 뉴딜’ 추진",경제>자원,지역>경기,지역>울산,"한국동서발전(사장 박일준)은 정부의 한국판 뉴딜 정책에 발맞춰 오는 2025년까지 7조 461억 원을 투자해 신규 일자리 3만 8000개 창출에 나선다... .. .. .. .. 동서발전은 3일 경영전략회의를 열어 본사 경영진과 간부, 현장 사업소장 전원이 화상으로 참여한 가운데 이와 같은 내용의 ..‘동서발전형 뉴딜 종합계획’을 확정했다고 밝혔다..."
20200811,전북일보,천경석,"전북도, 산림분야 추경 확보… 2만7000명 일자리 창출 기대",경제>취업_창업,지역>울산,지역>경기,"전북도가 산림 분야 정부 추경 예산에 국비 17억 원을 확보했다... 산림 분야 일자리 사업 확대 및 미세먼지 차단 숲 조성에 집중 투자 함으로써 코로나19 사태 장기화로 침체한 지역경제 활성화에 기여할 것으로 기대된다... .. .. ..전북도는 예산 확보에 따라 산사태 상시 대응 체계 구축을 위한 산사태 현장예방단을 추가 배치하고, 불법 산지 전용,.."
20200811,전북일보,천경석,"전북도, ‘디지털 역량강화 교육사업’ 8월 말부터 본격추진",지역>전북,IT_과학>인터넷_SNS,IT_과학>콘텐츠,"도민 누구나, 언제 어디서든 실생활에 필요한 정보 활용에 어려움이 없도록 ..‘디지털 역량 강화 교육사업’을 추진한다... .. .. ..디지털 역량 강화 교육사업은 디지털 뉴딜의 일환으로 과기정통부의 지원을 받아 전북도와 한국정보화진흥원이 협력해 추진하는 사업이다... .. .. ..올해는 국비 27억 원을 지원받아 전북도 정보산업지원센터를 ..‘총괄.."
20200811,경기일보,이승욱 기자,"동구, 인천연료전지 기부 건물 사무공간 및 주민 지원 시설로 활용",지역>대전,지역>경남,지역>충북,인천 동구가 인천연료전지로부터 기부받은 건물을 각종 사무공간 및 주민 지원 시설로 활용한다... .. .. ..2일 구에 따르면 지난 6월 인천연료전지에게서 기부받은 동구 샛골로 144에 있는 10층짜리 건물에 대한 활용 계획을 확정했다... 인천연료전지는 동구와의 지역 상생을 위해 지난 4월 이 건물의 기부를 이사회에서 확정했다... .. .. ..구..
20200811,헤럴드경제,이세진 기자,"맥쿼리한국인프라펀드, 상반기 배당 주당 360원",경제>증권_증시,경제>금융_재테크,경제>자동차,"[헤럴드경제=이세진 기자] 맥쿼리한국인프라투융자회사(이하 맥쿼리인프라펀드)는 2020년 상반기 실적을 3일 발표했다... .. .. .. .. 상반기 펀드의 운용수입은 1912억원으로 전년 동기 대비 1.2% 증가했으며, 순이익은 1690억원으로 전년 동기대비 2.7% 증가한 것으로 나타났다... .. .. .. .. 맥쿼리인프라는 현재 국내 13개 민.."
20200811,한국경제,전범진(forward@hankyung.com);,비대면·수소경제株 시장 주도…상승장 이제 시작,경제>증권_증시,경제>국제경제,경제>반도체,국내에서 신종 코로나바이러스 감염증(코로나19) 첫 확진자가 등장한지 약 7개월이 지났다... 2분기 경제성장률은 작년대비 ..-3.3%를 기록했다... 아직 코로나19의 종결은 물론이고 경기의 반등조차 낙관하기 어려운 상황이다... 반면 주식시장은 코로나19 이전인 지난 1월에 기록한 장중 연고점을 새로 썼다... 주식시장과 실물경기의 괴리를 놓고 올..
20200811,문화일보,박수진,"한전, 전기버스 충전서비스 전국 확대 실시",지역>경기,지역>충남,지역>울산,"전주시설공단과 충전사업 협약 .. .. ..나주· 광주· 세종에도 시범사업 .. .. .. ..전기버스를 위한 충전 서비스가 이달 전북 전주를 시작으로 전국적으로 확대 구축된다. .. .. .. ..한국전력공사는 대중교통의 친환경차 도입 활성화를 위해 전기버스 충전 서비스를 전국적으로 확대한다고 3일 밝혔다... 이와 관련, 지난달 29일 한전과 전주시.."
20200811,문화일보,김성훈,"현대차, 수소에너지 ‘4륜 질주’",경제>산업_기업,경제>자원,경제>자동차,"1 완성차 .. .. ..2 연료전지 .. .. ..3 충전 인프라 .. .. ..4 수소전기 하우스 .. .. .. ..세계 수소경제 활성화 앞장 .. .. .. .. ..글로벌 81社 모여 수소委 설립 .. .. ..정의선 부회장이 공동위원장 .. .. .. .. ..美, 민관 힘합쳐 차량보급 전력 .. .. ..EU, 에너지통합 수소전략 발표 .."
20200811,문화일보,민병기,< Leadership 클래스 >어떤 정권도 피해가지 못한 ‘집권 4년차 증후군’,정치>청와대,정치>국회_정당,정치>행정_자치,"■ 정권 말기 ..‘레임덕’ .. ..文, 여전히 영향력 막강… 獨走 고집 땐 ..‘부메랑’ .. .. .. ..정책 실패·지지율 하락 등에 .. .. ..측근·인척 비리 겹쳐 발생해 .. .. .. .. ..YS, 차남 현철 비리의혹 확산 .. .. ..DJ, 이용호 게이트 등이 촉발 .. .. ..盧, 인사 갈등·지방선거 참패 .. .. ..MB, .."
20200811,머니투데이,김건우|기자|,"에이티세미콘 이랑텍, 日 이통사와 70억 규모 5G RF필터 공급 계약",경제>자동차,IT_과학>모바일,경제>반도체,"[머니투데이 김건우 기자] .. ..반도체 후공정 토탈솔루션 기업 에이티세미콘의 관계사 이랑텍이 일본 대표 이동통신사에 5G 핵심 부품을 공급한다. .. ..에이티세미콘은 3일 5G 통신 부품 전문기업 이랑텍이 일본 이동통신사 KDDI와 70억원 규모의 5G 부품 공급 파트너십 계약을 체결했다고 밝혔다... 이번 계약으로 이랑텍은 5G 공유기, 28밴드.."
20200811,머니투데이,김건우|기자|,"한국테크, 경남중공업-대우조선해양건설과 6500억원 조선소 건립 추진",지역>충남,지역>제주,지역>전북,"[머니투데이 김건우 기자] .. ..한국테크놀로지는 3일 오전 대우조선해양건설, 경남중공업과 고성 수리조선소 전문단지 조성사업 추진을 위한 3자간 업무협약을 체결했다고 밝혔다. .. ..수리조선소 단지 조성사업은 경남 고성군 동해면 양촌리 산9-1번지 일원 192만492㎡ 규모 부지에 총사업비 약 6500억을 들여 수리 조선소를 건립한다. .. .. .."
20200811,한라일보,오은지기자 ejoh@ihalla.com,제주도의회도 국비확보 위한 중앙부처 소통 행보,지역>제주,지역>충남,지역>경기,"제주특별자치도의회가 최근 정부세종청사를 방문해 내년 국비확보를 위한 소통 행보를 펼쳤다. ..　제주도의회는 좌남수 의장이 지난달 30~31일 정부세종청사를 방문해 소관 실·국장, 과장, 실무자를 만나 내년도 국비확보를 위한 적극 소통을 펼치며 제주가 직면하고 있는 현실, 도민의 열망과 의지를 피력했다고 3일 밝혔다... .. ..　도의회에 따르면 전국적.."
20200811,전자신문,김한식,"한국과총 광주전남연합회, 'AI 기반 에너지산업 온오프라인 포럼' 개최",경제>자원,지역>광주,지역>경기,한국과학기술단체총연합회(한국과총) 광주전남지역연합회(회장 최용국)는 7월 30일 오후 2~4시까지 2시간동안 광주과학기술진흥원 12층 국제의실에서 ..'AI 기반 에너지산업(그린뉴딜) 온오프라인 포럼'을 성황리에 개최했다... .. .. .. .. .. ..한국과총 광주전남지역연합회가 광주과학기술진흥원(원장 안기석)광주정보문화산업진흥원(원장 탁용석..
20200811,동아일보,최용석,"㈜이도, 당진 염해농지 100MW 태양광 사업 본격 추진",지역>충남,경제>자원,지역>경기,"SK디앤디, 플라스포 등 공동 참여사와 사업개발 위한 주주간협약서 체결 .. .. .. .. 국내 유일의 통합운영관리(O&M, Operating ..& Management) 전문 회사인 주식회사 이도(YIDO, 대표 최정훈)가 정부의 ..‘그린뉴딜’ 정책에 맞춰 신재생 에너지 사업 육성에 나선다... .. .. .. .. ..㈜이도는 당진 대호지면 일대.."
20200811,전남일보,박수진,광주시 '에너지 영향 평가제' 도입한다,경제>자원,지역>광주,지역>경기,"2045년 에너지 자립 도시' 전환을 선언한 광주시가 에너지 영향 평가 제도를 시행하기로 했다. ..이용섭 광주시장은 3일 월간 정례조회에서 ..건축·건설 등 인허가, 일정 규모 이상 예산 사업에서 환경·교통 영향 평가를 하는 것처럼 반드시 에너지 영향 평가를 하는 제도를 마련하라고 주문했다. ..산단, 아파트 등 건립을 승인할 때 ..'자체 생산.."
20200811,아주경제,강일용,"극장서 VR 놀이기구 탄다... 정부, 낡은 VR·AR 규제 타파",IT_과학>IT_과학일반,,,"정부가 가상현실(VR), 증강현실(AR) 산업 관련 규제를 풀고 국내 VR·AR 콘텐츠 기업 육성에 나선다... 시대에 맞지 않는 낡은 규제를 폐지하고, 모호하게 규정된 부분을 명확히 해 국내 기업이 사업을 추진하면서 겪는 어려움을 없앨 계획이다... .. .. .. ..과학기술정보통신부는 3일 정부 관계부처 합동으로 이러한 내용을 담은 ..'VR·AR.."
20200812,서울경제,빈난새 기자,정책펀드 동원령'…NO한 시중은행,경제>금융_재테크,경제>취업_창업,경제>무역,"‘한국판 뉴딜’ 정책을 뒷받침하기 위해 중소벤처기업부가 주도적으로 조성한 ..‘스마트대한민국펀드’에 출자 요청을 받은 시중은행들이 고민 끝에 참여하지 않기로 했다... 코로나 금융 지원은 물론 이미 수년간 벤처투자 활성화, 중소기업 지원 등을 내걸고 각 부처에서 만든 정책성 펀드에 은행권이 번번이 돈줄을 대온 상황에서 비슷한 사업에 또 민간은행이 수백억.."
20200812,서울경제,빈난새 기자,툭하면 손벌리는 정부에 은행들 '부글',경제>금융_재테크,경제>취업_창업,경제>증권_증시,"정부가 벤처투자 활성화나 금융시장 안정화는 물론 신산업 육성, 일자리 창출 등 각종 정책을 내놓을 때마다 은행권에 동원령을 내린 것은 오랜 관행이다... 민간기업인 5대 금융과 은행권은 올해 신종 코로나바이러스 감염증(코로나19) 여파로 막힌 금융시장의 자금경색을 풀기 위해 10조원을 출자하기로 약정했고 지난 3월에도 산업통상자원부 주도로 조성된 ..‘.."
20200812,전남일보,편집에디터,사설>광주시의 에너지 영향평가제 도입 환영한다,경제>자원,지역>경기,지역>광주,"앞으로 광주 지역에서 일정 규모 이상의 건축이나 건설 시에는 해당 시설이 사용할 에너지를 자체 생산하는 제도가 시행될 것으로 보인다... 광주시가 2045년까지 탄소중립 에너지 자립도시 달성 방안으로 건축·건설에 에너지 영향평가제도를 도입할 계획이기 때문이다. ..이용섭 광주시장은 3일 정례조회에서 ..앞으로 건축·건설 등의 인허가, 일정 규모 이상의.."
20200812,아시아경제,호남취재본부 홍재희,"임실군, 한국판 뉴딜 연계 신규 사업 적극 발굴",지역>충남,사회>사회일반,지역>경남,[아시아경제 호남취재본부 박노식 기자] 전북 임실군이 정부의 한국판 뉴딜과 연계한 국가예산을 확보키 위해 신규 사업 발굴에 모든 역량을 모은다... .. .. .. ..3일 심민 군수는 확대간부회의서 ..“코로나19 사태에 따른 극심한 경기침체를 극복키 위해 정부가 한국판 뉴딜을 추진하고 있다”면서 ..“이와 연계한 국가예산 확보 신규 사업을 적극 발굴..
20200812,중앙일보,,부동산+기술 ‘프롭테크’를 알자…한국벤처투자 ‘KVIC NewsLetter’ 8호 발간,경제>취업_창업,경제>증권_증시,IT_과학>IT_과학일반,"한국벤처투자(주)(대표 이영민)가 8월 3일(월) KVIC NewsLetter 8호를 발간한다고 밝혔다... .. .. .. .. KVIC NewsLetter는 벤처 투자시장의 다양한 정보를 가독성 높은 콘텐츠로 제공함으로써 벤처생태계에 민간 경제주체의 참여도를 높이는 것을 목적으로 지난 4월 20일 이후 매월 첫째, 셋째 월요일에 격주로 발간되고 있다.."
20200812,아시아경제,유현석,"에이티세미콘 이랑텍, 日 이통사와 70억 규모 5G RF필터 공급 계약",경제>자동차,IT_과학>모바일,경제>반도체,"[아시아경제 유현석 기자] 에이티세미콘은 3일 5G 통신 부품 전문기업인 관계사 이랑텍이 일본 이동통신사 KDDI와 70억원 규모의 5G 부품 공급 파트너십 계약을 체결했다고 밝혔다... 이번 계약으로 이랑텍은 5G 공유기, 28밴드 공유기에 적용되는 ..‘주파수 간섭 제거 RF(Radio Frequency)필터 솔루션’을 KDDI에 공급한다... .."
20200812,전남일보,곽지혜,자전거로 국회 출근… 24시간을 48시간처럼 살아요,정치>국회_정당,정치>행정_자치,정치>선거,　21대 국회가 개원한 지 두 달을 넘어선 가운데 지역 출신 국회의원들은 어떻게 지내고 있을까... 지역 주민과 동고동락 해온 ..'마을 주치의'에서 거대 여당의 원내부대표로 바쁜 의정활동을 이어가고 있는 이용빈(광주 광산갑·초선) 의원은 ..매일 24시간을 48시간처럼 활용하고 있다고 답했다. ..　● 자전거로 15분 국회 출근 ..　국회에 입성한..
20200812,경남신문,김희진,민주당대표 후보들 “동남권 메가시티·신공항 건설 돕겠다”,정치>국회_정당,정치>선거,정치>청와대,"더불어민주당 당대표에 출마한 이낙연 의원, 김부겸 전 의원, 박주민 의원(기호순)이 1일 창원에서 열린 ..‘경남지역 합동연설회’에서 동남권 메가시티 구축, 신공항 건설, 지역경제 활성화를 적극 돕겠다며 지역 당원들의 표심을 자극했다. .. ..이날 창원컨벤션센터에서 열린 민주당 당대표·최고위원 후보 경남지역 합동연설회에서 당대표 후보 3명은 경남지역 .."
20200812,충청투데이,백승목 기자,"장철민 폭우 관련 기후문제, 적극 대비해야",지역>경남,사회>사회일반,지역>광주,[충청투데이 백승목 기자] 집중호우에 따른 중ㆍ남부지방 호우특보와 관련 기후문제에 적극적으로 대비해야한다는 지적이 나왔다... .. .. ..더불어민주당 장철민 의원(대전 동구)은 지난달 31일 열린 국회 환경노동위원회 전체회의에서 환경부와 기상청을 상대로 기상이변 대책마련을 촉구했다... .. .. ..장 의원은 ..“정부의 그린뉴딜 정책이 산업 정책..
20200812,충청투데이,박병훈 기자,박세복 영동군수 한국형 뉴딜 주체는 지자체… 선제 대응할 것,지역>충남,지역>전북,지역>충북,[충청투데이 박병훈 기자] 박세복 영동군수가 간부회의에서 정부의 한국형 뉴딜 정책에 선제적으로 대응하라고 지시했다... .. .. ..박 군수는 ..“대규모 재정이 투자되는 곳이 자치단체인 만큼 뉴딜과 연계한 미래 전략을 신속하게 수립해야 한다”며 ..“행정의 역량을 집중해 창의적인 아이디어를 공모하는 등 발 빠른 대응에 나서야 한다”고 말했다... ..
20200812,국제신문,김성룡 이민용 기자,"김경수 지사 “낙동강 수질 개선, 한국판 뉴딜에 포함시켜야”",지역>강원,사회>환경,지역>경기,"- ..“영남권 5개 시·도지사 공감대 ..- 통합 물관리와 별개 추진 마땅 ..- 5일 정부에 공식 요구할 계획” .. ..경남도가 최근 불거진 발암물질인 1,4-다이옥산 검출과 수돗물 정수장 유충 발견 등 일련의 낙동강 수질오염 문제와 관련해 강도 높은 대책을 추진해 관심을 모으고 있다. ..김경수 경남지사는 지난달 31일 다이옥산 검출과 더불어 유.."
20200812,국제신문,이석주 기자 serenom@kookje.co.kr,수익률 3%대 원금 보장…정부 ‘뉴딜펀드’ 만든다,경제>금융_재테크,정치>행정_자치,경제>증권_증시,- 세제 혜택 주는 방안도 논의 .. ..수익률이 은행 금리보다 3배가량 높고 원금도 보장되는 ..‘국민 참여형 뉴딜펀드’가 출시된다. .. ..2일 더불어민주당과 정부에 따르면 당정은 한국판 뉴딜 사업의 재원 조성과 국민소득 증대를 위한 뉴딜펀드 출시 구상을 이르면 이달 중 발표할 계획이다. .. ..이 펀드는 디지털 뉴딜과 그린 뉴딜 등 한국판 뉴딜..
20200812,충청투데이,이인희 기자,대전 3대하천 그린뉴딜 첫발,지역>경남,지역>대전,지역>경기,[충청투데이 이인희 기자] 대전시와 대전세종연구원이 도시공간 재생ㆍ녹색전환 3대 하천 그린뉴딜 사업 추진을 위한 첫걸음을 내딛였다... .. .. ..대전시와 대전세종연구원은 지난달 31일 대전세종연구원 대회의실에서 도시공간 재생ㆍ녹색전환 3대 하천 그린뉴딜 사업 추진을 위한 대전천의 미래 비전 및 관리방향 모색을 위한 전문가 세미나를 개최했다... ..
20200812,충청투데이,이권영 기자,"충남도, '충남정보보호지원센터' 개소",IT_과학>보안,지역>충남,지역>울산,"[충청투데이 이권영 기자] 충남도는 31일 천안시 소재 충남테크노파크 스마트ICT융합센터에서 ..‘충남정보보호지원센터’ 개소식을 가졌다고 밝혔다... .. .. ..이번 충남정보보호지원센터는 과학기술정보통신부·한국인터넷진흥원의 2020년도 신규 정보보호지원센터 구축 공모에 충남테크노파크가 선정되면서 문을 열게 됐다... .. .. ..도와 과기부, 한국.."
20200812,파이낸셜뉴스,김경아,성장주 선별투자… ‘발로 뛰는 리서치’로 올들어 12% 수익 [이런 펀드 어때요],경제>증권_증시,경제>금융_재테크,경제>자동차,우리G 기업가치향상장기증권 펀드 .. ..대형주 80%+중소형·코스닥주 담아 .. ..기업탐방·보고서 등 활발한 리서치 .. ..꼼꼼한 분석 통해 투자종목 선정 .. ..언택트·ESG 관련주 훈풍 수혜도 .. .. .. .. .. .. .. .. .. .. .. .. .. .. .. .. .. .. .. .. ..우리금융지주 자회사인 우리글로벌자산운용의..
20200812,서울경제,윤종열 기자,"안산시, 수소에너지 전담조직 신설…전문 인력 채용 등 전문성 강화",지역>경기,지역>충북,지역>제주,안산시는 수소시범도시 사업과 수소충전 인프라 조성 등 선도적으로 추진 중인 수소산업 생태계 구축 사업을 위해 수소에너지 전담조직(TF)을 구성한다고 3일 밝혔다... .. .. .. ..이는 지난해 말 수소시범도시 선정과 함께 수소연료전지차 및 충전 인프라 구축 등 다양한 수소에너지 관련 사업이 추진되면서 업무의 전담화가 요구돼 왔기 때문이다... ..
20200812,세계일보,최종범,속도 내는 ‘한국판 그린뉴딜’ 속 주목 받는 강소기업 ‘올스웰’,경제>자동차,IT_과학>과학,,"▲올스웰 강연수 대표 .. .. 최근 정부가 ..‘한국판 그린뉴딜’을 추진하겠다는 뜻을 밝히면서 관련 사업에 대한 관심이 집중되고 있다... 환경과 사람이 중심이 되는 지속 가능한 발전을 뜻하는 ..‘그린뉴딜’은 기후변화 대응, 에너지 전환 등 환경에 대한 투자를 통해 경기부양 효과를 끌어내는 정책이다... .. .. .. .. 특히 ..‘한국판 그린뉴.."
20200812,디지털타임스,김위수,"SK디앤디, 당진 대호지 태양광 발전사업 본격 추진",지역>충남,지역>경기,지역>대전,"[디지털타임스 김위수 기자] SK디앤디가 충청남도 당진시 대호지면 염해농지 일대에 대규모 태양광 발전사업을 본격적으로 추진한다고 3일 밝혔다. .. .. .. ..SK디앤디는 지난달 30일 당진 대호지면 염해농지 일대 대규모 태양광 발전사업 추진을 위해 특주목적법인 ..'대호지 솔라파크'의 공동 참여사인 이도, 플라스포와 주주간 협약서를 체결했다... .."
20200812,서울신문,나상현,年3%대 수익률… 국민참여형 ‘뉴딜펀드’ 나온다,경제>금융_재테크,정치>행정_자치,경제>증권_증시,"정부가 연 3%대 수익률을 기대할 수 있는 국민참여형 뉴딜펀드를 조성한다. ..2일 더불어민주당과 정부에 따르면 당정은 이르면 이달 내 한국판 뉴딜 재원 조성과 국민소득 증대를 위한 뉴딜펀드 출시 계획을 발표한다... 현재 민간기업, 금융기관 등과 뉴딜펀드 출시를 위한 물밑 조율을 하고 있다... 당정이 구상하는 뉴딜펀드는 디지털뉴딜과 그린뉴딜 사업의 .."
20200812,경남도민일보,주찬우 기자,"골프장 판 두산중, 채권단에 첫 상환",경제>산업_기업,경제>금융_재테크,지역>전북,유동성 위기로 채권단으로부터 3조 6000억 원을 지원받은 두산중공업이 채권단에 차입금 상환을 시작했다... .. .. ..두산중공업은 하나금융-모아미래도 컨소시엄과 클럽모우CC 매각 거래를 완료하고 매각 대금 1850억 원 가운데 일부 회원권 입회보증금 반환 비용 등을 제외한 돈으로 채권단 차입금을 상환했다고 2일 밝혔다... 상환액은 1200억 원대..
20200812,헤럴드경제,유재훈 기자,"이노비즈협회, IT 분야 일자리 창출 지원 강화",경제>취업_창업,지역>경기,지역>울산,"[헤럴드경제 유재훈 기자] 이노비즈협회가 디지털 분야 일자리 창출 지원에 적극 나선다... .. .. .. .. 협회는 IT 관련 직무 신규 채용 때 1인당 6개월 간 최대 1140만원을 기업에 지원하는 ..‘청년 디지털 일자리사업’을 시행한다고 3일 밝혔다... 대상기업은 전국 1만8500여개 이노비즈기업으로, 모집 규모는 2000명이다... .. .."
20200812,머니투데이,"권혜민 , 문지예 인턴|기자",與 부동산법 강행한다…이해찬 내일 본회의서 반드시 처리,정치>국회_정당,정치>행정_자치,,"[머니투데이 권혜민 .., 문지예 인턴 기자] ..[[the300]] .. .. ..[서울=뉴시스] 장세영 기자 ..= 이해찬 더불어민주당 대표가 3일 서울 여의도 국회에서 열린 더불어민주당 최고위원회의에 참석해 현안관련 발언을 하고 있다... 2020.08.03... photothink@newsis.com ..이해찬 더불어민주당 대표가 오는 4일 열릴.."
20200812,광주매일신문,김종민 기자,사회적 거리두기 2단계에도 광주미래 준비 많은 성과,지역>광주,지역>경기,지역>전남,"광주시가 7월 한 달간 사회적 거리두기 2단계를 유지하며 신종코로나 바이러스 감염증(코로나19)와 사투를 벌이면서도 새로운 미래를 준비하는 행정력에도 집중, 상당한 결과물을 창출한 것으로 나타났다. .. ..이용섭 시장은 3일 정례조회을 통해 ..“코로나19와의 전쟁에 빈틈없이 대응하면서도 업무에 열과 성을 다해주고 있는 직원 여러분에게 한없는 감사와 .."
20200812,중도일보,박승군 기자,"대호지솔라파크(주), 태양광 발전사업 주주간 협약 체결",지역>강원,지역>충남,지역>경기,"SK디앤디는 지난 달 30일 당진시 대호지면 염해농지 일대 대규모 태양광 발전사업 추진을 위해 특수목적법인 ..'대호지 솔라파크'의 공동 참여사인 이도, 플라스포와 주주 간 협약서를 체결했다고 밝혔다... ..'대호지 솔라파크'는 대호지면 사성리.적서리 일원에 태양광 발전 사업을 위해 SK디앤디·이도·플라스포가 공동 투자해 지난 6월 16일 설립한 특수.."
20200812,전북일보,전북일보,"내년 국비 확보, 도·정치권 공조체제가 관건",지역>전북,정치>국회_정당,지역>경기,"전북도가 내년 국가예산 확보와 주요 지역현안의 해법을 모색하기 위한 발 빠른 행보를 이어가고 있다... 지난주 전북도청에서는 지역 출신 국회의원과 송하진지사, 도내 14개 지자체장이 참석한 가운데 ..‘국회의원－도－시군 예산정책 협의회’를 개최, 국가예산 확보 공동대응 방안을 논의했다... .. .. ..내년 국가예산안은 부처에서 기획재정부로 제출된 이.."
20200812,YTN,이기정,[인천] 한국판 뉴딜 3대 정책+바이오 인천형 뉴딜 내달 발표,사회>사회일반,,,"인천시는 디지털과 그린·휴먼 등 한국판 뉴딜 정책 3대 핵심 분야에 인천의 비교우위 산업인 바이오를 추가해 ..'3+1 축'으로 뉴딜 계획을 세워 다음 달 중에 발표할 예정입니다. .. ..또 폐기물 처리와 자원순환, 상하수도, 섬 지역 스마트 의료 시스템 구축 등 현안을 해결하겠다는 구상입니다. .. ..박남춘 시장은 인천형 뉴딜 추진과제 보고회에서 .."
20200812,중도일보,오희룡 기자,"100대 명산 숲길 여행, 인터넷 길안내 시대로 활짝",지역>울산,지역>경기,지역>제주,"자동차 여행처럼 숲길 여행도 스마트 폰으로 길을 찾는 시대가 열린다... 산림청은 이달 중순부터 연연말까지 숲길 연결망 구축과 숲관광 자원조사 사업을 진행한다고 밝혔다... 숲길 연결망 구축사업은 민간과 협력하여 국민들이 실제로 이용하는 산행 궤적을 기초자료(데이터베이스)로 구축하는 사업이며, 숲 관광 자원조사는 전국 100대 명산을 중심으로 휴양림, .."
20200812,중부일보,김헌수,[시론] 미래의 예측은 혁신과 창조하는 데에,경제>취업_창업,경제>자동차,,COVID-19 확진자 수가 발병 보고 200여 일 만에 전 세계 1천만 명이 훨씬 넘는 강력한 전파력으로 세상은 온통 미증유의 뉴 노멀(New Normal)과 뉴 애브노멀(New Abnormal)이 혼재돼 있다... 당면한 이 어려움에 뚜렷한 돌파구라도 다시 마련한다면 위기의 파장은 최소화 될 것이기에 때론 業의 本質마저 바꿔서라도 새로운 미래를 준비..
20200812,세계일보,우상규,[기고] ‘한국판 뉴딜’ 신속·과감하게 추진해야,경제>취업_창업,,,"지금까지 경험하지 못한 신종 코로나바이러스 감염증(코로나19) 팬데믹(세계적 대유행)이 우리의 일상적인 삶을 뒤흔들고 있다... 과거 유행하던 전염병들은 일정 기간 경제에 제한적인 영향을 미쳤지만, 코로나19의 부정적인 영향은 전례가 없을 뿐 아니라 파급력도 지역과 업종을 가리지 않고 전방위로 확산 중이다... 정부도 경제성장 둔화와 실물경제의 타격을 .."
20200812,울산매일,강태아,"동서발전, 2025년까지 7조원 투자 ‘동서발전형 뉴딜’ 추진",경제>산업_기업,경제>자원,지역>대전,"한국동서발전(주)(사장 박일준)이 정부의 한국판 뉴딜 정책에 발맞춰 오는 2025년까지 7조 461억 원을 투자해 신규 일자리 3만 8,000개 창출에 나선다... .. .. ..울산이 포함되는 사업은 강원-충청-울산권을 연결하는 수소산업 트라이앵글 구축 사업과 MW급 부유식 해상풍력 시스템 개발 국책과제 참여를 통한 대규모 실증단지 구축기반 마련, 해.."
20200812,울산매일,강태아,울산 중소제조업 평균가동률·경영실적은 호조세,경제>산업_기업,경제>증권_증시,경제>유통,지난 3월 63.1%까지 떨어졌던 울산지역 중소제조업체들의 평균 가동율이 지난 6월 68.6%까지 회복한 것으로 나타났다... 하지만 작년 동월보다 4.4%p 차이가 나 코로나19 여파가 여전한 것으로 분석됐다... .. .. ..또 8월 울산 중소기업 경기전망지수(SBHI)도 53.9%로 전월 대비 5.6%p 떨어져 경기를 낙관하기 쉽지 않은 상황인 ..
20200812,경상일보,이형중 기자,"동서발전, 뉴딜에 2025년까지 7조461억원 투자",경제>자원,지역>경기,지역>울산,한국동서발전(주)(사장 박일준)이 정부의 한국판 뉴딜정책에 맞춰 오는 2025년까지 7조461억원을 투자해 신규일자리 3만8000개 창출에 나선다... 동서발전은 3일 경영전략회의를 열어 이같은 내용의 동서발전형 뉴딜 종합계획을 확정했다... .. .. ..동서발전형 뉴딜은 ..△신재생에너지 투자확대와 수소경제 선도를 위한 수소에너지 트라이앵글 구축을 ..
20200812,헤럴드경제,강승연 기자,주식에 크라우드펀딩도 인기…투자업계 ‘그린뉴딜’ 핫하네,경제>산업_기업,경제>자동차,IT_과학>인터넷_SNS,"친환경, 신재생에너지 산업을 전략적으로 육성하는 정부의 그린뉴딜 정책이 발표되면서 불붙은 투자 열기가 증시뿐 아니라 크라우드펀딩 시장까지 달구고 있다... .. .. .. .. 3일 금융투자업계에 따르면 SK이노베이션 임직원들이 참여한 친환경 소셜벤처 프로젝트 3건이 지난달 크라우드펀딩 플랫폼 와디즈에서 청약 개시 하루 만에 100~200% 넘는 청약률.."
20200812,헤럴드경제,강승연 기자,주식에 크라우드 펀딩도 인기…투자업계 ‘그린뉴딜’ 핫하네,경제>산업_기업,경제>자동차,IT_과학>인터넷_SNS,"[헤럴드경제=강승연 기자] 친환경, 신재생에너지 산업을 전략적으로 육성하는 정부의 그린뉴딜 정책이 발표되면서 불붙은 투자 열기가 증시뿐 아니라 크라우드펀딩 시장까지 달구고 있다... .. .. .. .. 3일 금융투자업계에 따르면 SK이노베이션 임직원들이 참여한 친환경 소셜벤처 프로젝트 3건이 지난달 크라우드펀딩 플랫폼 와디즈에서 청약 개시 하루 만에 .."
20200812,머니투데이,대전=허재구|기자|,"산림청, 100대 명산 숲길 연결망 구축 통해 '스마트 폰 길안내기' 시대 연다",지역>울산,지역>경기,지역>충남,[머니투데이 대전=허재구 기자] ..[관광자원정보 기초자료도 구축 민간에 공개] .. ..산림청은 이달 중순부터 연말까지 국내 100대 명산 숲길 연결망 구축 및 숲 관광 자원조사를 진행한다고 3일 밝혔다. .. ..이에 따라 머지않아 자동차 여행처럼 숲길 여행에서도 지도에 의존하지 않고 스마트 폰의 길안내기 서비스를 이용할 수 있을 것으로 전망된다...
20200812,한국경제,한경닷컴,"O&M 플랫폼 ㈜이도, 당진 염해농지 100MW 태양광 사업 본격 추진",지역>충남,경제>자원,지역>전북,"국내 통합운영관리(O&M, Operating ..& Management) 전문 회사인 주식회사 이도(YIDO, 대표이사 최정훈)가 정부의 ..‘그린뉴딜’ 정책에 맞춰 신재생 에너지 사업 육성에 나선다... .. ..㈜이도는 당진 대호지면 일대 염해농지에 대규모 태양광 발전사업의 본격 추진을 위해 공동 참여사인 SK디앤디, 플라스포와 주주간협약서를 체결했.."
20200812,중부일보,전춘식,"[e안산소식] 전문성 강화 위해…수소명품도시 안산시, 수소에너지 전담조직 신설",지역>경기,지역>충북,지역>경남,안산시가 수소시범도시 사업과 수소충전 인프라 조성 등 선도적으로 추진 중인 수소산업 생태계 구축 사업을 위해 수소에너지 전담조직(TF)을 구성한다고 3일 밝혔다... .. .. ..3일 시에 따르면 지난해 말 수소시범도시 선정과 함께 수소연료전지차 및 충전 인프라 구축 등 다양한 수소에너지 관련 사업이 추진되면서 업무의 전담화가 요구돼 왔다... .. ..
20200812,문화일보,박수진,"중부발전, 온실가스 감축 달성… 현대요업과 배출권 거래 사업",경제>산업_기업,경제>자원,경제>취업_창업,한국중부발전은 지난달 29일 현대요업과 온실가스 외부사업(배출권 거래제 외부사업)을 통해 정부로부터 최초로 인증받은 감축 실적을 이전하는 행사를 열었다고 3일 밝혔다. .. .. .. ..이번 행사는 중부발전이 2018년부터 추진하고 있는 ..‘상생형 온실가스 감축사업’의 첫 결실을 참여 기업과 함께 기념하기 위해 마련했다... 중부발전은 상생형 온실가..
20200812,디지털타임스,이준기,대세는 AR·VR… 낡은규제 걷어내고 신산업 만들어낼 것,IT_과학>과학,,,"정부가 코로나19 이후 비대면 시대의 유망 분야로 주목받고 있는 가상현실(VR)·증강현실(AR) 산업을 키우기 위해 규제혁파에 팔을 걷었다... 포괄적 네거티브 규제체계로 바꿔 신산업 창출을 가로막는 낡고 불명확한 규제를 걷어내고, 사후에 규제하는 방식으로 선제적 규제혁신을 추진하겠다는 전략이다. .. .. .. ..정세균 국무총리는 3일 서울 상암 한.."
20200812,아주경제,차현아,VR 콘텐츠 같이 만들자 생태계 저변넓히는 이동통신사,IT_과학>콘텐츠,IT_과학>모바일,,코로나19로 VR과 AR 같은 실감미디어 수요가 급증하며이동통신 업계가 VR 콘텐츠 제휴에 나섰다... 미디어 업계와의 교류부터 같은 이동통신 사업자와도 손잡고 콘텐츠 공유부터 플랫폼 공동 구축까지다각도로 협력하고 나서는 모습이다... .. .. .. ..3일 KT와 LG유플러스에 따르면 양사는 최근 자사 VR 콘텐츠를 맞교환하기로 뜻을 모았다...
20200812,매일경제,이종화,"전자부품연구원, 한국전자기술연구원으로 이름 바꾸고 새롭게 출발",IT_과학>모바일,IT_과학>과학,,"3일 전자부품연구원(KETI, 원장 김영삼)은 연구원의 이름을 ..'한국전자기술연구원'으로 새롭게 바꿨다고 밝혔다... 이는 지난 1991년부터 사용한 영문 명칭인 ..'Korea Electronics Technology Institute'와 동일한 의미를 갖도록 한 이름이다. ..내년에 창립 30주년을 앞 둔 KETI는 ..’전자부품’의 틀을 벗고 .."
20200812,서울경제,장현일 기자,"인천시, 오는 9월 인천형 뉴딜 종합계획 발표",,,,"인천시는 정부의 한국판 뉴딜 정책에 발맞춰 9월 중으로 인천형 뉴딜 종합계획을 발표할 계획이라고 3일 밝혔다... .. .. .. ..인천시는 이달 초 관계 공무원과 전문가로 인천형 뉴딜 전담팀(TF)을 구성하고, 실·국·사업소별 현안을 중심으로 인천형 뉴딜 종합계획을 수립해 다음 달 발표할 계획이다... .. .. .. ..인천시는 디지털·그린·휴먼 .."
20200812,중앙일보,,"동서발전, 2025년까지 7조원 투자 ‘동서발전형 뉴딜’ 추진",경제>자원,지역>경기,지역>울산,"한국동서발전(주)(사장 박일준)는 정부의 한국판 뉴딜 정책에 발맞춰 오는 2025년까지 7조 461억 원을 투자해 신규 일자리 3만 8천개 창출에 나선다... .. .. .. .. 동서발전은 3일(월) 경영전략회의를 열어 본사 경영진과 간부, 현장 사업소장 전원이 화상으로 참여한 가운데 이와 같은 내용의 ..‘동서발전형 뉴딜 종합계획’을 확정했다고 밝혔.."
20200812,전자신문,변상근,"동서발전, '동서발전형 뉴딜' 추진…2025년까지 7조원 투자",경제>자원,지역>경기,지역>대전,"한국동서발전이 ..'한국형 뉴딜' 정책에 발맞춰 ..'동서발전형 뉴딜'을 추진한다... 2025년까지 약 7조원을 투자, 신규 일자리 3만8000개를 창출한다. .. ..동서발전은 3일 경영전략회의를 열고 이 같은 내용을 담은 ..'동서발전형 뉴딜 종합계획'을 확정했다고 밝혔다. .. ..동서발전형 뉴딜은 ..△신재생에너지 투자 확대와 수소경제 선도를 .."
20200812,헤럴드경제,김성훈 기자,산은 “두산중공업 경영정상화·기업개선 순항”,경제>자원,경제>반도체,,"[헤럴드경제=김성훈 기자] 산업은행은 두산중공업 경영정상화와 에너지 전문기업으로의 변화가 차질없이 진행되고 있다고 3일 밝혔다... .. .. .. .. 산은은 이날 보도참고자료를 통해 ..“두산은 현재까지 자산매각 등 자구계획을 충실히 이행 중”이라며 ..“최근 클럼모우CC 매각이 완료돼 산은·수은이 지원한 긴급운영자금 중 일부가 상환됐고, 두산타워,.."
20200812,조선일보,이재은 기자,"SK디앤디, 당진 염해농지 300㎿ 태양광 사업 시동",지역>강원,지역>충남,지역>경기,"SK디앤디는 당진 대호지면 염해농지 일대 대규모 태양광 발전사업을 추진하기 위해 지난달 30일 특수목적법인 ..‘대호지 솔라파크’의 공동 참여사인 이도, 플라스포와 주주간 협약을 체결했다고 3일 밝혔다... .. .. .. ..대호지 솔라파크는 당진시 대호지면 사성리·적서리 일원에 태양광 발전소를 건설하기 위해 SK디앤디, 이도, 플라스포가 공동 투자해.."
20200812,한국일보,안하늘,"코로나에도 실적 선방한 이통사, 마냥 웃지 못하는 이유",IT_과학>모바일,IT_과학>콘텐츠,경제>경제일반,국내 이동통신업계가가 신종 코로나바이러스 감염증(코로나19) 여파에도 2분기에 양호한 실적을 가져올 전망된다... 값비싼 요금의 5세대(5G) 이동통신 가입자와 더불어 상반기 스마트폰 시장 침체로 써야 할 마케팅 비용까지 아꼈기 때문이다... 하지만 이런 실적에도 불구하고 정작 속내는 복잡하다는 게 이동통신업계의 입장이다. ..3일 관련업계에 따르면 S..
20200812,한국일보,전준호,대구 취수원이전 다변화로 가닥...구미 '올인'에서 방향 전환,지역>대구,지역>경북,지역>경기,대구시가 경북 구미 해평취수장 전량 취수 방식에서 다변화 방식으로 먹는 물 공급방안을 수정했다... 기존 대구지역 취수장에다 구미 혹은 안동 임하댐의 물을 취수해 같이 공급하는 방식이다. ..권영진 대구시장은 3일 ..‘대구 물 문제와 관련하여 시ㆍ도민께 드리는 말씀’을 통해 ..“낙동강의 합리적 물 배분을 위해 취수원 공동활용 지역에서 확보 가능한 수..
20200812,경기일보,여승구 기자,화옹간척지에 스마트 축산단지 추진… 그린뉴딜 겨냥,지역>경기,지역>제주,지역>충남,"경기도가 ..‘화옹간척지 스마트 축산단지’ 조성을 추진한다... 이는 축산농가를 모아 악취 민원을 해결하면서 가축 분뇨를 활용한 에너지 자급형 축사를 짓는 내용으로, 그린뉴딜 핵심 사업으로 진행한다는 방침이다... .. .. ..경기도는 이 같은 내용을 포함한 ..‘화옹간척지 활용방안 연구 용역’을 검토하고 있다고 2일 밝혔다... .. .. ..경기도.."
20200812,경인일보,최지혜,"[월요논단]기후변화시대, 우리 삶의 변화 필요",문화>출판,사회>환경,,올해 긴 장마 이상기후 갈수록 심각 .. ..인간 삶과 밀접 ..'국가적 대안' 필요 .. ..세계 각국도 심각성 알고 잇단 방안 .. ..데이비드 소로의 ..'월든…' 서 경고 .. ..자연은 손대지 않아야 부유해진다 .. .. .. ..올 여름은 장마와 맞물려 기습적인 폭우가 유난스럽다... 지난 주 부산과 대전 지역은 짧은 시간 갑자기 쏟아진 엄청..
20200812,경인일보,윤설아,[한국판 그린뉴딜의 중심 인천·(上)]바다위의 발전소 '해상풍력',경제>자원,,,"文대통령, 고용·투자 등 지원 약속 .. ..인천·경기 설비용량 잠재량 11GW… .. ..전국 2위… 영흥화력의 2배 규모 .. ..남동 이어 중부발전도 사업 추진중 .. .. .. .. .. .. .. ..정부가 코로나19 위기를 극복할 새로운 정책(New Deal·뉴딜)으로 탈석탄, 자원순환 등을 골자로 한 ..'그린뉴딜' 카드를 꺼내 들었다..."
20200812,충청투데이,인택진 기자,당진 대호지면에 '300MW' 태양광발전소 생긴다,지역>충남,경제>자원,지역>전북,"[충청투데이 인택진 기자] 국내 유일의 통합운영관리(O&M, Operating ..& Management) 전문 회사인 주식회사 이도(YIDO, 대표이사 최정훈)가 정부의 ..'그린뉴딜' 정책에 맞춰 신재생 에너지 사업 육성에 나선다... .. .. ..㈜이도는 당진 대호지면 일대 염해농지에 대규모 태양광 발전사업의 본격 추진을 위해 공동.."
20200812,경남신문,조윤제,"두산중, 클럽모우CC 매각 완료",경제>산업_기업,지역>전북,경제>금융_재테크,"두산중공업은 하나금융-모아미래도 컨소시엄과 클럽모우CC 매각 거래를 완료하고, 매각 대금 1850억원 중 일부 회원권 입회보증금 반환 비용 등을 제외한 대금으로 채권단 차입금을 상환했다고 2일 밝혔다. .. ..이번 상환은 채권단의 긴급운영자금 지원 이후 첫 번째 상환이다... 두산중공업은 조기에 이뤄낸 이번 첫 상환을 시작으로 비핵심자산 매각 등 재무.."
20200812,경남신문,김희진,"“낙동강 수질개선, 한국판 뉴딜 포함돼야”",사회>환경,지역>강원,지역>충남,김경수 경남지사는 지난달 31일 양산 신도시 취·정수장을 방문해 ..“깨끗한 물을 공급하는 것은 정부의 의무”라고 강조하고 ..“낙동강 수질 개선 사업을 한국판 뉴딜에 포함시키도록 노력하겠다”고 밝혔다. .. ..김경수 지사는 ..“낙동강 본류 수질 개선 사업에 시간이 많이 걸리기 때문에 그 과도기 동안 낙동강 본류 외에 새로운 취수원 발굴을 포함한 근..
20200812,경기일보,임기수,[이슈&경제] 편세와 국민분열,정치>행정_자치,경제>무역,,"중국 예기(禮記)의 단궁하편에는 ..‘가정맹어호야(苛政猛於虎也)’라는 말이 있다... ..‘가정(苛政)’이란 혹독한 정치를 말하며 이로 인해 백성들에게 미치는 피해는 사납고 무서운 호랑이의 해(害)보다 더 크다는 의미이다... 혹독한 정치란 무엇일까 ..‘가정맹어호야’의 유래를 좀 더 살펴보자... 옛날, 공자가 노나라의 혼란에 환멸을 느끼고 제나라로 .."
20200812,아시아경제,박혜숙,한국판 뉴딜＋바이오 산업…'인천형 뉴딜' 종합계획 마련한다,IT_과학>과학,경제>취업_창업,경제>반도체,"[아시아경제 박혜숙 기자] 인천시가 한국판 뉴딜에 대응하는 인천형 뉴딜 종합계획을 마련한다, .. .. .. ..시는 관계 공무원과 전문가로 구성된 ..'인천형 뉴딜 TF'를 가동해 9월까지 인천형 뉴딜 종합계획을 수립한다고 3일 밝혔다... .. .. .. ..한국판 뉴딜은 디지털 경제와 저탄소·친환경 그린경제로 전환을 위해 2025년까지 총 100조.."
20200812,아시아경제,이민지,"맥쿼리인프라, 코로나19에도 상반기 '선방'…배당수익률 6.2%",경제>증권_증시,경제>금융_재테크,경제>자동차,[아시아경제 이민지 기자] 맥쿼리인프라펀드가 상반기 신종 코로나바이러스감염증(코로나19) 상황에서도 펀드 운용수입이 지난해 보다 더 늘어난 것으로 나타났다... 상반기 배당수익률은 6.2%로 결정됐다... .. .. .. ..3일 맥쿼리인프라펀드에 따르면 상반기(1~6월) 펀드 운용수입은 1912억원으로 전년동기대비 1.2% 증가했다... 순이익은 16..
20200812,부산일보,김수빈,2020 퍼스널 모빌리티쇼' 8월 7일 개최…30개 이상 국내외 전문 업체 참가,지역>부산,지역>충북,지역>대구,"오는 8월 7일부터 9일까지 3일간 벡스코 제1전시장 3A홀에서 ..'2020 퍼스널 모빌리티쇼'가 개최된다... .. .. .. .. ..'2020 퍼스널 모빌리티쇼'는 퍼스널 모빌리티의 동향 제시 및 관련 산업에 대한 발전을 도모하고 정보를 공유하는 행사로, ..(주)포유커뮤니케이션즈와 재단법인 벡스코가 공동 주최·주관하며 부산광역시, 한국스마트이모.."
20200812,전자신문,김영준,[기고]'바이오 연구 데이터 댐'을 건설하자,IT_과학>IT_과학일반,경제>경제일반,,세계적으로 코로나19 확산이 지속되는 가운데 바이러스 퇴치를 위한 백신과 치료제 개발도 임상 1000건을 넘었다... 백신과 치료제 개발에 보통 10여년 소요된다는 점을 고려할 때 전례 없이 빠른 속도다. .. ..이를 가능케 한 배경 가운데 하나는 바이오 연구 데이터 공유다... 올해 1월 11일 중국 푸단대 연구팀이 해독한 코로나19 유전체 데이터를..
20200812,중앙일보,심새롬(saerom@joongang.co.kr),시중은행 이자 3배 부동산 민심 들끓자 '관제펀드' 꺼낸 與,경제>금융_재테크,경제>증권_증시,정치>행정_자치,"원금보장, 최소 연 3% 수익률, 세금은 3분의 1 수준... .. .. 더불어민주당과 정부가 마련 중인 ..‘뉴딜 펀드’의 밑그림이다... 뉴딜 펀드는 당·정이 지난달 14일 발표한 ..‘한국형 뉴딜’ 사업 재원을 조성하기 위해 시중에 선보일 금융상품이다... 홍남기 부총리 겸 기재부 장관은 지난달 30일 페이스북에 ..“국민에게 안정적인 수익을 보장.."
20200812,중부일보,백승재,박남춘 인천시장 인천형 뉴딜로 도시미래 변화시켜야,정치>정치일반,경제>반도체,,박남춘 인천시장이 3일 시청 재난상황실에서 열린 ..‘8월 실ㆍ국장회의’에서 실ㆍ국장들과 주요현안에 대해 논의하며 인천형 뉴딜을 강조하고 있다... 사진=인천시박남춘 인천시장은 한국판 뉴딜에 대응하는 인천형 뉴딜을 통해 인천시의 현안을 해결하고 도시의 미래를 변화시키겠다는 의지를 밝혔다... .. .. ..박 시장은 3일 시청 재난상황실에서 열린 ..‘..
20200813,부산일보,장병진,부산·울산 중소제조업 가동률 7개월 만에 반등,경제>산업_기업,경제>무역,경제>증권_증시,지난 6월 부산·울산 지역 중소제조업 평균 가동률이 67%로 7개월 만에 반등했다... 사진은 지난 2월 현대자동차 울산공장 수출선적부두 모습... 연합뉴스 .. .. .. .. 지역 중소제조업체들의 가동률이 7개월 만에 반등했다... 정부재난지원금과 추경 등 코로나19에 대응한 경제 정책의 영향으로 풀이된다... .. .. .. .. 3일 중소기업중앙..
20200813,국민일보,김영균,"전남도, ‘디지털 역량강화 사업’ 추진···340개 일자리 창출",지역>전북,지역>대전,지역>충북,"전남도는 ..‘한국판 뉴딜’의 핵심 과제인 안전망 강화사업 일환으로 39억원의 국비를 확보해 ..‘디지털 역량강화 교육사업’을 추진한다고 3일 밝혔다... .. .. .. ..이번 사업은 도민 누구나 무료로 집 근처에서 실생활에 필요한 디지털 교육을 받을 수 있는 사업이다... 올해 도내 주민센터와 복지관, 마을회관 등 85개소를 디지털 역량센터로 지정.."
20200813,머니투데이,백지수|기자|,안경 쓰면 수배차·수배자 즉시 확인…VR·AR 규제 35건 푼다,IT_과학>모바일,IT_과학>보안,IT_과학>콘텐츠,"[머니투데이 백지수 기자] ..[정부, 2025년까지 VR·AR 규제 35건 혁신...치안·교통·의료에 VR·AR 활용] .. .. .. 정세균 국무총리가 3일 서울 마포구 상암동 가상증강현실콤플렉스에서 5G기반 AR(증강현실) 통합지위통제 플랫폼 살펴보고 있다... 정 총리는 이곳에서 비대면 시대 AR·VR 산업과 규제혁신 현장대화를 가졌다... .."
20200813,아시아경제,호남취재본부 김춘수,"구례군, 공직자 대상 적극 행정 확산 교육 실시",지역>충남,지역>강원,지역>전북,[아시아경제 호남취재본부 육미석 기자] 전남 구례군은 3일 군청 대회의실에서 전 공직자를 대상으로 적극 행정 확산 교육을 실시했다고 밝혔다... .. .. .. ..적극 행정은 현실과 괴리가 있는 법·제도적 문제들을 공직자가 스스로 적극적으로 해결해야 한다는 문제 인식에서 구례군이 역점 과제로 추진하고 있다... 이날 실시한 교육에서는 적극 행정의 필요..
20200813,한국경제,김해연(haykim@hankyung.com);김태현(hyun@hankyung.com);오경묵(okmook@hankyung.com);,"낙동강 물 문제, 영남권 머리 맞댄다",지역>경남,지역>경기,지역>강원,"낙동강 취수원 확보가 또다시 영남권 지방자치단체의 현안으로 떠올랐다... 수돗물 안전 문제가 표면화하면서 낙동강을 식수로 사용하는 경상남도와 부산시, 대구시, 경상북도 등 지자체는 취수원을 새로 발굴하거나 강변여과수를 활용하는 등 다양한 해법을 거론하기 시작했다... .. .. .. ..김경수 경남지사는 낙동강 본류 외 새로운 취수원 발굴을 추진하기로 .."
20200813,한겨레,,[왜냐면] 공유성장형 대학연합체제로 국가균형발전을 / 반상진,사회>교육_시험,,,"반상진 ㅣ 한국교육개발원 원장 .. ..최근 김태년 더불어민주당 원내대표가 국회 교섭단체 대표연설에서 행정수도 이전 의제를 제안하였으며, 앞서 대통령이 코로나19로 인한 경제위기를 기회로 만드는 한국판 뉴딜을 지역주도형으로 추진하겠다고 발표함으로써 국가균형발전이 다시금 국가 의제로 부각되었다... 국가균형발전을 위한 핵심분야는 교육과 일자리라고 생각한다.."
20200813,광주일보,김대성,"광주교대, ICT 고도화사업 7억여원 확보…전국 교대 중 최다",IT_과학>모바일,,,"광주교육대학교가 교육부가 추진중인 국립대 정보통신(ICT) 고도화 사업과 관련해 전국 교대 가운데 가장 많은 액수인 7억 6700여만원의 사업비를 확보했다... .. ..교육부가 최근 발표한 국립대 ICT 인프라 구축계획에 따르면 원격강의와 이에 대한 대학수요에 부응하고, 포스트 코로나 대학 교육서비스를 혁신할 수 있는 디지털기반이 필요하다고 판단, 국.."
20200813,헤럴드경제,김유진 기자,"[중소형주 핫클릭] 7월 투심, ‘뉴딜’ · ‘수소’ 열공했다",경제>자원,IT_과학>과학,IT_과학>인터넷_SNS,"[헤럴드경제=김유진 기자] 반도체와 바이오에 집중됐던 투심이 지난 7월 ..'뉴딜'과 ..'수소'를 새롭게 주목하기 시작했다... 정부가 계획한 한국판 뉴딜정책의 수혜주를 찾아나서는 움직임이다... .. .. .. .. 3일 에프앤가이드에 따르면, 지난 7월 투자자 키워드 검색 순위에서 ..'뉴딜'과 ..'수소'가 각각 3위와 4위에 이름을 올렸다..."
20200813,헤럴드경제,정경수 기자,"정부, 뉴딜펀드 중심의 제3 투자처 고심",정치>행정_자치,경제>증권_증시,경제>금융_재테크,"정부가 한국형 뉴딜을 중심으로 한 제3의 투자처를 찾고 있다... .. .. .. .. 3일 관계부처에 따르면 기획재정부는 부동산과 주식, 금에 몰린 자금을 생산적인 부문으로 돌리기 위한 방안을 고심 중이다... .. .. .. .. 홍남기 경제부총리 겸 기획재정부 장관은 지난달 30일 페이스북을 통해 ..“한국의 통화량은 3066조원(M2, 20.5월.."
20200813,광주일보,김은종 기자,‘2023 순천만정원박람회’ 정부 승인 축하 D-1000 기념 제막식,지역>전남,지역>경남,지역>울산,"순천시는 ..‘2023 순천만 국제 정원박람회’ 정부 승인을 축하하는 D-1000일 기념 제막식이 지난 31일 순천시청 정문에서 열렸다고 2일 밝혔다. ..이날 행사에는 김영록 전남지사, 허석 순천시장, 소병철 국회의원, 최병암 산림청 차장 등 50여명이 참석했다. ..순천에서 10년 만에 다시 열리는 국제정원박람회의 성공을 기원하는 축하 인사, 대시민.."
20200813,울산매일,.,[사설] 7조원대 ‘동서발전형 뉴딜’사업 큰 성공 기대된다,경제>자원,경제>산업_기업,지역>대전,"정부의 한국판 뉴딜 정책에 발맞춰 공공기관인 한국동서발전이 오는 2025년까지 7조 461억 원을 투자해 신규 일자리 3만 8,000개 창출에 나선다고 한다... .. .. ..동서발전형 뉴딜로 불리는 이 사업은 ..'신재생에너지 투자확대'와 ..'수소경제 선도를 위한 수소에너지 트라이앵글 구축'을 핵심으로 하는 그린 뉴딜, 발전산업의 디지털화와 디지택.."
20200813,울산매일,강태아,"‘27년 업력’ 금양산업개발, 지역 전기공사 수주 1위",경제>반도체,경제>자동차,경제>취업_창업,"한국전기공사협회 울산시회, 작년 시공능력평가 공시 .. .. ..360여개 업체 수주금액 8,200억원…업체당 20억원 달해 .. .. ..금양산업개발, 매출 1,318억원…전국 17위 .. .. ..금양산업개발이 울산지역 전기공사 수주실적에서 1위를 차지했다... .. .. ..한국전기공사협회 울산시회는 울산지역 360여개 업체가 수주한 2019년도 .."
20200813,경상일보,김창식,울산 전기공사업 수주실적 700억원 감소,지역>울산,지역>부산,지역>경기,울산지역 전기공사업 수주실적 신고 결과 금양산업개발(주)이 1위를 차지했다... .. .. ..한국전기공사협회 울산시회(회장 유병국)는 2019년도 전기공사분야 시공능력평가액 산출을 위해 전기공사 실적액을 집계한 결과 울산지역은 40년 넘게 전기공사 전문기업으로 업역을 쌓고 있는 금양산업개발(주)(대표 이윤철)이 국내 경기의 불황에도 불구하고 1318억..
20200813,아시아경제,이광호,정 총리 新산업 포괄적 네거티브 규제체계로 전환…사후 규제 원칙,,,,"[아시아경제 이광호 기자]정세균 국무총리는 3일 ..가상현실·증강현실(VR·AR)처럼 신산업 분야는 네거티브 규제체계로 바꾸고, 사후에 규제하는 것을 원칙으로 하고, 낡은 규제는 사전에 완화하고, 불명확한 부분은 기준이나 가이드라인을 제시해야 한다고 말했다... .. .. .. ..정 총리는 이날 서울 상암동 한국VR·AR 콤플렉스에서 열린 ..'제.."
20200813,매일경제,김경택,"한국테크놀로지, 경남중공업-대우조선해양건설과 친환경 선박 수리 개조 위한 6500억원 규모 공사 협력",지역>충남,지역>전북,지역>전남,"대우조선해양건설의 최대주주이자 샤오미 한국 총판사인 한국테크놀로지가 2020년 상반기 흑자 전환에 성공했다... 이와 함께 한국테크놀로지는 경남중공업, 대우조선해양건설 등과 손잡고 약 6000억원 규모의 수리조선소 단지 조성사업 추진을 시작한다. ..한국테크놀로지는 3일 오전 한국테크놀로지 본사에서 대우조선해양건설, 경남중공업과 고성 수리조선소 전문단지.."
20200813,경기일보,김동수 기자,구리시 육사 이전 ㆍ태릉CC 개발 전에 갈매광역교통대책 선수립 요구,지역>강원,지역>경기,지역>충남,구리시는 태릉골프장 83만㎡ 개발에 앞서 광역교통대책 마련을 정부에 요청키로 했다고 2일 밝혔다... .. .. ..면적 50만㎡ 이상 또는 인구 1만명 이상의 대규모 개발사업 때는 인근 도시 등에 영향을 주는 만큼 광역교통대책을 마련하도록 특별법으로 정하고 있다... .. .. ..현재 태릉골프장 인근에는 갈매신도시가 건설됐으며 80만㎡ 규모의 갈매역..
20200813,파이낸셜뉴스,안승현,디지털 LS' 이끄는 구자열… 제조업 혁신의 길 보여준다,경제>자원,경제>산업_기업,IT_과학>과학,"제조업에 특화된 구조 발빠르게 바꿔 .. ..상시 재택근무 등 IT 운영체계 확보 .. ..스마트에너지·친환경 중심으로 .. ..그룹 사업구조도 새판 짜기 가속 .. .. .. .. .. .. .. ..LS그룹이 변신 중이다... 생산, 관리 등 모든 영역에 디지털 혁신기술이 빠르게 도입되고 있으며 재택근무제 도입 등 업무방식에도 많은 변화가 나타나고 .."
20200813,경남신문,정기홍,‘남해안 공동체’ 선언한 경남·부산·전남,지역>경남,지역>대전,지역>경기,"김경수 경남지사, 변성완 부산시장 권한대행, 김영록 전남지사는 지난달 31일 부산 누리마루에서 ..‘제1회 남해안 상생발전협의회’를 마침내 개최했다... 3개 시·도는 지난 2018년 12월 ..‘남해안 광역경제벨트 조성을 위한 남해안 상생발전 협약’을 체결하고, 협력관계를 구축하기 위해 ..‘남해안 상생발전협의회’를 구성했으나 1년6개월여 만에 첫 회.."
20200813,서울신문,오경진,"두산重, 클럽모우CC 1850억에 매각… 긴급운영자금 첫 상환",경제>산업_기업,경제>금융_재테크,,"경영난으로 국책은행에서 3조 6000억원을 지원받은 두산중공업이 채권단에 차입금 상환을 시작했다... 두산중공업은 보유 중인 골프장 클럽모우CC를 하나금융-모아미래도 컨소시엄에 매각하고 대금 1850억원 중 일부 회원권 입회보증금 반환 비용 등을 제외한 금액을 채권단에 갚았다고 2일 밝혔다... 회사는 정확한 상환액을 공개하진 않았으나, 1200억원대인.."
20200813,세계일보,우상규,원금+年 3% 수익률 ‘뉴딜 펀드’ 추진,정치>행정_자치,경제>금융_재테크,정치>국회_정당,문재인 대통령이 지난달 14일 청와대 영빈관에서 열린 ..'한국판 뉴딜 국민보고대회'에서 발언하고 있다... 연합뉴스 정부가 원금보장에 수익률이 연 3%대 안팎인 국민참여형 ..‘뉴딜펀드’ 조성을 추진한다... .. .. .. .. 2일 더불어민주당과 정부에 따르면 당정은 ..‘한국판 뉴딜’ 재원 조성과 국민소득 증대를 위한 뉴딜펀드 출시 구상을 이르면..
20200813,중앙일보,,[허재준의 미래를 묻다] 인공지능 학습시키는 ‘데이터 장인’의 전성시대 온다,경제>산업_기업,경제>취업_창업,IT_과학>IT_과학일반,"인공지능과 일자리 ..# 얼마 전까지 조선업이 힘들다고 하더니 금세 자동차산업이 어렵다는 소리가 들린다... 그런가 하면 수천억 원 적자 행진을 벌이는 스타트업에도 투자자와 일하려는 사람들이 모인다... 취미로 유튜브에 동영상을 올리던 어떤 이는 급기야 유튜버, 혹은 콘텐트 제작자로 불리며 본업보다 더 많은 수입을 벌어들인다... 한편에서는 경기가 악화.."
20200813,머니투데이,세종=최우영|기자|,바다 환경 5개 생태축으로 나눠 관리한다,지역>부산,지역>울산,지역>강원,[머니투데이 세종=최우영 기자] 5대 핵심 해양생태축... ../사진=해양수산부정부가 해양 생태계를 잇는 ..'해양생태축'을 만든다... 그동안 갯벌과 연안 등을 개별 관리하던 걸 넘어서 해양생물의 다양성 유지와 산란지·서식처 등을 통합관리하기 위해서다. .. ..해양수산부는 그린뉴딜 정책의 해양생태계 녹색복원 과제인 ..'해양생태축 구축방안'을 수립해..
20200813,YTN,한연희,"민주당 기후변화 대응, 재해관리 시스템 근본 개편",정치>청와대,정치>국회_정당,,더불어민주당 김태년 원내대표가 기후변화에 대응해 자연재해관리 시스템의 근본적인 개편을 검토하겠다고 밝혔습니다. .. ..김 원내대표는 오늘 최고위원회의에서 최근 기후변화의 영향으로 자연재해의 양상이 달라져 100년에 한 번 발생할 자연재해가 단기간 집중 발생해 피해 규모가 커지고 있다며 이같이 말했습니다. .. ..이와 관련해 다가오는 정기국회에서 그린..
20200813,경향신문,윤희일 선임기자 yhi@kyunghyang.com,"우리 바다의 보물 점박이물범·상괭이, 이동경로까지 지켜준다",지역>부산,지역>울산,지역>강원,그동안 정부는 해양생태계 정책을 펼칠 때 개별 동식물의 서식지나 종을 중심으로 보전·관리 계획을 세웠다... 아주 긴 거리를 이동하면서 살아가는 점박이물범이나 상괭이 등의 해양보호생물도 지금까지는 특정 서식지를 중심으로 보전·관리활동을 펼치는 경우가 많았다... 앞으로는 이런 경우 해당 동물의 이동경로까지 종합적으로 고려한 보전·관리가 이루어진다... ..
20200813,조선일보,김명지 기자,김태년 부동산 유동자금 돌아오게...한국판 뉴딜펀드에 과감한 세제혜택,경제>부동산,정치>국회_정당,정치>청와대,도심 고밀도 콤팩트 개발도 포함 .. ..규제 완화에 따른 초과이익 환수는 당연 .. .. ..임대 분양 적정 배분...주택은 공공재 .. ..투자원금 3억원 미만에 5%과세 이야기도 .. .. .. ..서울·수도권 주택공급 확대 방안이 이르면 4일쯤 발표된다... 더불어민주당 정부 청와대는 지난 2일 저녁 서울 종로구 삼청동 총리공관에서..
20200813,매일신문,송신용,동해 등 5개 '해양생태축' 구축…‘그린 뉴딜’ 본격화,지역>부산,지역>울산,지역>강원,"해양생태계 보호를 위해 동해와 서해, 남해 해역별 특성에 따른 5대 해양생태축이 구축된다... .. .. .. .. 해양수산부는 3일 ..'해양생태축 구축방안'을 발표, 해양생태계의 ..'그린 뉴딜'에 본격적으로 나선다... .. .. .. .. 해양생태축은 생태적 구조와 기능이 연계된 해양생물의 주요 서식지와 산란지, 이동 경로, 갯벌 등 해양생태계를.."
20200813,머니투데이,"권혜민 , 문지예 인턴|기자",폭우에 6명 사망…與 자연재해 관리시스템 근본 개편,정치>국회_정당,정치>청와대,,"[머니투데이 권혜민 .., 문지예 인턴 기자] ..[[the300]] .. .. ..[서울=뉴시스] 장세영 기자 ..= 김태년 더불어민주당 원내대표가 3일 서울 여의도 국회에서 열린 더불어민주당 최고위원회의에서 현안관련 발언을 하고 있다... 2020.08.03... photothink@newsis.com ..김태년 더불어민주당 원내대표가 3일 집중호우.."
20200813,경남도민일보,민병욱 기자,남해안 3개 지자체 상생발전협의회 개최,지역>경남,지역>경기,지역>대전,"김경수 경남지사와 변성완 부산시장 권한대행, 김영록 전남지사가 한자리에 모여 남해안권 발전을 위한 방안을 논의했다... 7월 31일 오후 5시 부산 누리마루 APEC하우스에서 ..'제1회 남해안 상생발전협의회'가 열렸다... .. .. ..이날 협의회에서 3개 시ㆍ도지사는 지리적 여건과 산업 구조에서 발전 가능성이 큰 남해안권을 수도권에 .."
20200813,한국일보,곽주현,"VR·AR 발전 가로막는 규제, 미리 예상해 걷어낸다",IT_과학>콘텐츠,IT_과학>모바일,,"이르면 내년부터 교육현장에서 증강현실(AR)이나 가상현실(VR) 기술을 활용한 수업을 볼 수 있게 된다... 3, 4년 후면 사람이 직접 해야 했던 산업 안전점검을 원격으로 할 수 있게 되고, AR 글래스를 착용한 채 운전하거나 재외국민 비대면 진료 서비스가 가능해진다. ..정세균 국무총리는 3일 서울 마포구에 위치한 한국VR·AR콤플렉스를 찾아 현장 .."
20200813,한국일보,허택회,"산림청, 스마트폰 통한 숲길안내 서비스 구축 추진",지역>울산,지역>경기,IT_과학>모바일,앞으로 자동차 여행처럼 숲길 여행도 지도에 의존하지 않고 스마트폰을 통한 길안내기 서비스를 이용할 수 있을 전망이다... .. ..산림청은 올해 3차 추가경정예산사업으로 추진하는 ..‘100대명산 상표화’를 위한 숲길 연결망 구축과 숲 관광 자원조사를 이달 중순부터 연말까지 진행한다고 3일 밝혔다... .. ..숲길 연결망 구축사업은 민간과 협력하여 국..
20200813,부산일보,박지훈,"정부 국내 VR, AR 시장 14조원 규모로 키운다",IT_과학>과학,IT_과학>콘텐츠,IT_과학>모바일,"김성수 과학기술정보통신부 과학기술혁신본부장이 3일 오전 서울 종로구 정부서울청사 본관 브리핑룸에서 ..'가상증강현실(VR AR) 선제적 규제혁신 로드맵' .., 브리핑을 하고 있다... 과학기술정보통신부 제공 .. .. .. .. .. .. .. .. .. .. .. .. 정부가 오락을 목적으로 하지 않고 의료·교육 등 사용처가 명확한 가상현실(VR)·.."
20200814,한국경제,박재원(wonderful@hankyung.com);,"언제 이렇게'…LS·KCC 10년 새 시총 반토막, OCI는 4분의 1 됐다",경제>산업_기업,경제>증권_증시,경제>금융_재테크,재계 10위권 밖에 있는 중대형 그룹들의 시가총액이 요동치고 있다... 자산을 기준으로 하는 재계 순위에서 명맥은 유지하고 있지만 10년 새 시총이 4분의 1로 급감하며 시장에서 가혹한 평가를 받고 있는 곳도 있다... 그룹을 이끌던 전통 산업과 신성장동력의 세대교체 여부에 따라 새로운 서열을 만들어내고 있다는 분석이다... .. .. .. .. 금융정..
20200814,부산일보,이현우,사용처 명확 가상·증강 현실 게임물 규제 제외,IT_과학>과학,IT_과학>모바일,IT_과학>콘텐츠,김성수 과학기술정보통신부 과학기술혁신본부장이 3일 정부서울청사에서 가상증강현실(VR AR) 관련 브리핑을 하고 있다... 과학기술정보통신부 제공 .. .. .. .. 정부가 오락을 목적으로 하지 않고 의료·교육 등 사용처가 명확한 가상현실(VR)·증강현실(AR) 콘텐츠에는 게임물 규제를 적용하지 않기로 했다... .. .. .. .. 과학기술정보통신부는..
20200814,한국경제,박재원(wonderful@hankyung.com);,"LS·KCC, 10년새 시총 '반토막'…OCI도 4분의 1로 곤두박질",경제>산업_기업,경제>금융_재테크,경제>증권_증시,재계 10위권 밖에 있는 중대형 그룹들의 시가총액이 요동치고 있다... 자산을 기준으로 하는 재계 순위에서는 과거 수준을 유지하고 있지만 10년 새 시총이 4분의 1로 급감하며 시장에서 가혹한 평가를 받고 있는 곳도 있다... 그룹을 이끌던 전통 산업과 신성장동력의 세대교체 여부에 따라 새로운 서열이 정해지고 있다는 분석이다... .. .. .. ..금..
20200814,광주매일신문,김재정 기자,"전남도, 디지털 역량강화 교육사업 추진",지역>전북,지역>대전,지역>충북,"전남도는 한국판 뉴딜의 핵심 과제인 안전망 강화 사업의 일환으로 39억원의 국비를 확보해 ..‘디지털 역량강화 교육사업’을 추진한다. .. ..이 사업은 도민 누구나 무료로 집 근처에서 실생활에 필요한 디지털 교육을 받을 수 있는 사업이다... 올해 도내 주민센터와 복지관, 마을회관 등 85개소를 디지털 역량센터로 지정해 도민 2만5천500명을 대상으로.."
20200814,매일신문,서광호,대구시 '취수원' 다변화…공동활용 지역에 '상생 기금',지역>경기,지역>대구,지역>전북,대구시가 상생 기금과 낙동강 뉴딜 사업(매일신문 3일자 1면) 등을 통해 취수원 문제 해법 찾기에 나섰다... .. .. .. .. 시는 대구 내부 취수원과 외부 취수원을 혼용하는 ..'다변화' 방식의 접근을 통해 낙동강 물 갈등을 최소화하겠다는 계획이다... .. .. .. .. 권영진 대구시장은 3일 대구시청에서 담화문을 통해 ..취수원 공동활용 ..
20200814,광주매일신문,순천=남정민 기자,지역 현안 점검·예산 확보 방안 논의,지역>전남,지역>경기,지역>전북,"더불어민주당 순천지역위원회와 순천시가 최근 10년 만에 당정 정책협의회를 개최해 지역 민생현안을 점검하고 향후 필요한 예산사업의 효과적인 확보 방안을 집중 논의했다. .. ..정책협의회는 소병철 국회의원과 허석 순천시장을 비롯한 더불어민주당 지역 도의원과 시의원, 순천시 국·소장 등 40여명이 참석한 가운데 진행됐다. .. ..‘2023순천만국제정원박람.."
20200814,동아일보,권명관,[주간투자동향] 여전히 활발한 초기 투자 시장,IT_과학>모바일,IT_과학>콘텐츠,경제>자동차,"바야흐로 스타트업 시대입니다... 2010년부터 시작한 국내 스타트업 열풍은 지난 10년 동안 급속도로 성장했습니다... 대한민국은 어느새 유니콘 기업 11개를 배출한 세계 5위 스타트업 강국으로 자리매김했는데요... 쿠팡, 우아한형제들, 야놀자, 블루홀 등 경쟁력을 갖춘 스타트업이 우리 실생활 속으로 파고들었고, 지금 이 순간에도 성공을 꿈꾸는 수많은.."
20200814,헤럴드경제,김유진 기자,[7월 중소형주 핫클릭]‘뉴딜·수소’ 열공…친환경 관련주에 쏠린 눈,IT_과학>과학,경제>자원,IT_과학>인터넷_SNS,"반도체와 바이오에 집중됐던 투심이 지난 7월 ..‘뉴딜’과 ..‘수소’를 새롭게 주목하기 시작했다... 정부가 계획한 한국판 뉴딜정책의 수혜주를 찾아나서는 움직임이다... .. .. .. .. 3일 에프앤가이드에 따르면, 지난 7월 투자자 키워드 검색 순위에서 ..‘뉴딜’과 ..‘수소’가 각각 3위와 4위에 이름을 올렸다... 각각 검색량은 ..‘뉴딜’.."
20200814,헤럴드경제,정경수 기자,"정부, 펀드 중심 제3의 투자처 고심…핵심은 기업투자 [유동성함정 비상]",경제>금융_재테크,경제>증권_증시,경제>산업_기업,"[헤럴드경제=정경수 기자] 정부가 한국형 뉴딜을 중심으로 한 제3의 투자처를 찾고 있다... .. .. .. .. 3일 관계부처에 따르면 기획재정부는 부동산과 주식, 금에 몰린 자금을 생산적인 부문으로 돌리기 위한 방안을 고심 중이다... .. .. .. .. 홍남기 경제부총리 겸 기획재정부 장관은 지난달 30일 페이스북을 통해 ..한국의 통화량은 3.."
20200814,OBS,유숙열,수돗물 유충' 가혹한 7월…하반기 시정 운영 고삐,정치>정치일반,,,【앵커】 .. .. ..코로나19에 수돗물 유충 사태까지 악재가 겹치며 박남춘 인천시장에게 지난 7월은 가혹한 한 달일 수밖에 없었는데요... .. .. ..박 시장이 대체 매립지 조성 등 하반기 주요 시정운영 방향을 밝히며 분위기 반전에 나섰습니다... .. .. ..유숙열 기자가 보도합니다... .. .. ..【기자】 .. .. ..지난달 유충이 발..
20200814,경상일보,정명숙 기자,[사설]낙동강통합물관리 확정적…암각화 보존 청신호,문화>학술_문화재,지역>경남,지역>대구,낙동강통합물관리 방안이 확정적이다... 이로써 반구대 암각화와 울산의 맑은 물 공급문제가 동시에 해결될 가능성이 높아졌다... 공전을 거듭하던 대구·경북지역의 물문제가 낙동강통합물관리라는 큰 틀에서 해법을 찾음으로써 20년 가까이 지지부진하던 반구대 암각화 보전 방안의 하나인 사연댐 수위조절이 가능해지게 됐다... 울산의 식수댐인 사연댐 수위를 낮추어 ..
20200814,경상일보,최창환,암각화 보존-울산 물문제 해결 코앞,사회>환경,지역>경남,지역>대구,"정부와 5개 영남권 시도지사가 반구대암각화(국보 285호) 보전과 직결된 ..'낙동강 통합물관리 방안'을 사실상 확정짓고, 내년도 정부 예산에 반영하는 절차에 들어간다... .. .. ..구미해평취수장, 대구 취수장, 안동 임하댐, 대구 문산·매곡취수장 등 4대 가용수원을 결합해 만든 2개 방안 중 하나를 선택한다... 5개 영남권 시·도지사들 간 협의.."
20200814,광주일보,김은종 기자,“국회·지역 원팀 …순천 ‘3E 프로젝트’로 뉴딜 선도”,지역>전남,정치>국회_정당,정치>행정_자치,"“당정은 원팀(One Team), 순천의 강점인 생태·교육·경제를 활용한 3E 프로젝트로 한국판 뉴딜을 선도하자.” ..“당정 정책협의회를 정례화해 지역 애로사항과 숙원사업을 해결해 나가겠다.” ..민주당과 순천시가 10년 만에 머리를 맞대 순천의 주요현안을 논의했다. ..3일 순천시에 따르면 더불어민주당 순천지역위원회와 순천시는 지난 31일 시청 대회.."
20200814,한겨레,구본권,AR·VR 규제 풀어 ‘비대면 산업’ 키운다,IT_과학>과학,IT_과학>모바일,,"증강현실(AR)과 가상현실(VR) 기술을 활용한 비대면 원격의료, 원격 산업안전 검사, 신원확인·수배차량 조회 서비스 발전을 가로막던 각종 규제가 사라질 전망이다. .. ..과학기술정보통신부는 3일 ..‘가상·증강현실 분야 선제적 규제개혁 로드맵’을 발표하고, 한국형 뉴딜과 코로나19 이후 가속화하고 있는 비대면 산업을 지원하기 위한 규제완화 방침을 밝.."
20200814,디지털타임스,이준기,비대면시대 핵심 산업 정부 강력한 육성 의지,IT_과학>콘텐츠,IT_과학>과학,IT_과학>모바일,"왜 AR·VR인가 .. .. .. ..정부가 VR·AR 분야의 규제혁신에 가장 먼저 손을 댄 것은 두 산업이 코로나19 이후 비대면 시대에 가장 유망하고 핵심 산업이면서 정부의 디지털 뉴딜을 뒷받침할 수 있는 강력한 기술 수단이라는 점이 반영된 결과라는 분석이다. .. .. .. ..VR은 실제처럼 느껴지는 가상체험을 제공하는 기술이고, AR은 현실세계.."
20200814,서울경제,김영기 논설위원,[사설]민간 CVC는 반쪽 만들고 '관제 펀드' 키우나,정치>행정_자치,경제>금융_재테크,경제>증권_증시,정부와 여당이 한국판 뉴딜 재원 마련을 위해 뉴딜펀드의 투자금에 원금을 보장하고 목표 수익률을 연 3%가량으로 설정하는 내용의 출시 구상을 이달 중 발표할 것으로 알려졌다... 펀드를 국민 참여형으로 만들어 시중자금을 생산적 투자처로 유도하고 국민들의 호주머니도 채워주겠다는 것이다... .. .. .. ..당정의 구상은 외견상 그럴듯하다... 수신금리가..
20200814,강원일보,권원근,[특집]“일자리 창출·주민소득 증대·인구 증가 실현해 낼것”,지역>울산,지역>강원,지역>충남,민선 7기 함명준 고성군수가 올 4월 치러진 군수 재선거를 통해 취임한 지 100일이 지났다... ..'희망찬 미래 평화중심 고성'을 군정목표로 제시하고 현장에서 군민들과 만나 다양한 의견을 듣고 군정에 반영하기 위해 하루하루를 바쁘게 달려왔다... .. .. ..'산불하면 고성'이라는 오명을 벗기 위해 고성군 산불종합대책을 시행하는 한편 정책공약 실천..
20200814,충청투데이,이인희 기자,허태정 대전시장 혁신도시 완성으로 국가균형발전 중심 거듭날 것,지역>대전,지역>전남,지역>경남,민선7기 전반기 결산 ..- 허태정 대전시장 .. .. ..[충청투데이 이인희 기자] ..‘시민주권시대’를 열기 위해 숨가쁘게 민선7기 2년을 달려온 허태정 대전시장이 반환점을 돌았다... 허 시장은 지난 2년 동안 시민의 힘으로 나아가겠다는 목표를 달성하기 위한 조직내부의 체질 개선과 공직사회 문화 형성에 주력했다... 그 결과 숙의 민주주의를 녹여낸..
20200814,중앙일보,손국희(9key@joongang.co.kr),"윤희숙 대박'이 통합당 전략 바꿨다, 장외→연설투쟁 선회",정치>국회_정당,정치>선거,정치>행정_자치,"“국회 본회의 연단에 서겠다는 반대 토론 신청자가 줄을 잇고 있어서 교통정리를 하고 있다... 제2, 제3의 윤희숙이 나오지 말란 법 없다” ..(3일 미래통합당 관계자) .. .. .. .. 통합당이 4일 열리는 국회 본회의를 앞두고 ..‘제2의 윤희숙 카드’를 벼르고 있다... 부동산, 공수처 후속 법안 등 여당의 강행 처리를 물리력으로 저지할 방법.."
20200814,파이낸셜뉴스,예병정,수소충전소 부지마다 잡음.. 난항겪는 서울형 그린뉴딜,사회>사회일반,,,서울시 ..주민 인식전환 먼저 .. ..수소 안전성 홍보 등 소통 계획 .. .. .. .. .. .. .. ..서울시가 ..'그린뉴딜'을 강력하게 추진하고 있는 가운데 한 축이라고 할 수 있는 수소충전소 설립에 어려움을 겪고 있다... 수소충전소에서 폭발사고가 발생할 수 있다는 불안감으로 지역주민들의 반대가 강해 추진이 쉽지 않은 상황이다... 서..
20200814,경기일보,유제원 기자,"한준호 의원, 데이터 산업은 새 시대의 유전...토론회 개최",IT_과학>IT_과학일반,,,더불어민주당 한준호 국회의원(고양을)은 ..‘대한민국 데이터 산업의 뉴 패러다임에 대한 토론회’를 개최했다고 2일 밝혔다... .. .. ..이번 토론회는 디지털 뉴딜의 핵심인 데이터 산업 현황과 싱가포르 데이터센터 파크(DCP) 사례 분석을 통해 우리나라에 실질적으로 적용 가능한 정책을 논의하자는 취지에서 마련됐다... .. .. ..한준호 의원은 ..
20200814,서울경제,이재명 기자,"전자부품연구원, '한국전자기술연구원'으로 새출발",IT_과학>모바일,경제>자동차,IT_과학>과학,전자부품연구원(KETI)이 사명을 ..‘한국전자기술연구원’으로 바꾸며 부품 자립을 넘어 산업 핵심 기술의 글로벌 경쟁력 강화를 위한 기업들과의 협력 확대에 나선다... .. .. .. ..3일 KETI는 1991년부터 사용한 국문 명칭을 한국전자기술연구원으로 변경한다고 밝혔다... 영문 명칭은 ..‘Korea Electronics Technology I..
20200814,중앙일보,심서현(shshim@joongang.co.kr),“페북 규제하면 소상공인 피해”…IT 공룡들의 규제 방패 ‘소상공인’,경제>경제일반,IT_과학>인터넷_SNS,IT_과학>모바일,"‘빅’ 테크가 ..‘스몰’ 비즈니스를 앞세운다... 시장을 독점한다고 비판받는 대형 인터넷 기업이 택한 전략이다... ..‘우리는 소상공인의 친구’, ..‘우릴 규제하면 영세 자영업자가 피해 본다’는 주장인데, 독과점 규제 공격을 막아낼 방패가 될지 주목된다... .. .. .. .. .. .. ..━ .. ..‘페이스북 때리면 소상공인이 아플걸’ .."
20200814,경남도민일보,이은진 경남대 명예교수,코로나 시대 문명생활의 전환,경제>국제경제,경제>취업_창업,,"지난 2월 중순 본격적으로 시작된 코로나 확산은 우리의 일상을 급격히 변화시켰다... 처음에는 이런 일이 있을까 하면서, 곧 다시 회복되겠지 하는 마음으로 마스크 쓰기, 손씻고 소독하기, 여럿이 모이는 장소 가지 않기를 실천하였다... 그러나 회복될 기미를 보이지 않고 있다... 학교는 제대로 다니지 않은 채로 온라인 수업을 중심으로 한 학기를 마쳤다..."
20200814,서울신문,기민도,“유일한 호남·여성·경제 후보… 자력으로 지도부 입성할 것”,정치>국회_정당,정치>청와대,정치>선거,“유일한 호남·여성·경제 후보인 제가 지도부에 자력으로 입성해야 합니다.” ..더불어민주당 최고위원 당선을 확정한 양향자(초선·광주 서을) 후보는 지난달 29일 국회에서 진행된 서울신문과의 인터뷰에서 ..“국민들이 당 지도부를 통해 집권 의지와 전략을 볼 것이기에 지도부의 모습이 중요하다”며 이렇게 말했다... 양 후보는 유일한 여성 후보로 득표와 상관..
20200814,아시아경제,영남취재본부 박동욱,권영진 대구시장 낙동강 취수원 공동활용 '상생기금' 조성하겠다,지역>대구,지역>경기,지역>전북,[아시아경제 영남취재본부 박동욱 기자] 안전한 물 확보를 위한 대구 취수원 이전 논의가 ..'다변화'로 옮겨지고 있는 가운데 권영진 대구시장은 3일 ..낙동강의 합리적 물 배분을 위해 취수원 공동활용 지역에서 확보 가능한 수량을 취수하겠다며 상생 기금 조성 카드를 제시했다... .. .. .. ..권 시장은 이날 담화문을 통해 ..여기서 부족한 필..
20200814,아시아경제,조슬기나,과기부 '적극행정' 최우수 사례에 온라인 개학 지원,지역>대전,IT_과학>인터넷_SNS,IT_과학>과학,"[아시아경제 조슬기나 기자] 과학기술정보통신부는 2분기 ..'적극행정 우수사례'로 온라인 개학 전방위 지원 등 최우수 2건, 우수 3건, 장려 5건 총 10건을 선정했다고 3일 밝혔다... .. .. .. ..1분기에 이어 2분기에도 신종 코로나바이러스감염증(코로나19)과 관련된 행정 사례들이 좋은 평가를 받았다... .. .. .. ..‘최우수’로 선.."
20200814,전북도민일보,임실=박영기 기자,심민 임실군수 “한국판 뉴딜 모든 역량 집중”,지역>충남,지역>경남,지역>전남,"심민 임실군수가 한국판 뉴딜에 대응한 신규사업 발굴에 모든 역량을 집중할 것을 강력히 주문했다... .. .. ..심군수는 3일 열린 확대간부회의에서 ..“코로나19 사태로 인한 극심한 경기침체를 극복하고 구조적 대전환을 모색하기 위해 국가 차원에서 한국판 뉴딜을 추진하고 있다”며 ..“한국판 뉴딜과 연계한 국가예산확보 신규사업을 적극 발굴, 급속하게 .."
20200814,헤럴드경제,정태일 기자,"“AR글래스 끼고 운전, 공연장에 VR장치 설치”…AR·VR규제 확푼다",IT_과학>과학,IT_과학>모바일,IT_과학>콘텐츠,[헤럴드경제=정태일 기자]앞으로 운전할 때 AR(증강현실)글래스를 착용할 수 있도록 규제 완화가 추진된다... 공연장 등 도심에도 VR(가상현실) 장치를 설치할 수 있는 길도 열린다... .. .. .. .. 과학기술정보통신부는 3일 정부 관계부처 합동으로 ..'VR·AR 분야 선제적 규제혁신 로드맵'을 발표했다... .. .. .. .. 이는 한국판 ..
20200814,조선일보,정철환 기자,일반 오락실에도 VR시뮬레이터 설치 가능해진다,IT_과학>과학,,,정부가 디지털 산업 활성화를 통한 경제 성장을 추진하는 ..‘디지털 뉴딜’의 일환으로 가상현실(VR)과 증강현실(AR) 분야의 규제를 대폭 완화하겠다고 밝혔다. .. .. ..정부는 3일 오후 정세균 국무총리 주재로 서울 상암동 한국 VR·AR 콤플렉스에서 열린 제1차 규제 혁신 현장 대화에서 ..‘VR·AR 분야 선제적 규제혁신 로드맵’을 발표했다. ..
20200814,아주경제,홍예신,착한 투자 열풍에 운용업계 ESG 투자 '속속',경제>증권_증시,경제>금융_재테크,경제>자동차,[사진=게티이미지뱅크] .. .. .. .. .. .. .. ..코로나19와 그린뉴딜정책 발표로 자산운용업계의 관심이 환경·사회책임·지배구조(ESG) 투자로 쏠리고 있다... ..'착한 투자' 중요성이 부각되며 ESG로 대표되는 비재무적 요소들이 주요 투자 요소로 주목받고 있기 때문이다... 금융당국과 투자자들의 관심이 높아지면서 ESG 시장의 규모는 ..
20200814,매일경제,교보문고,부자들이 달러와 금에 주목하는 이유,경제>경제일반,문화>출판,,[경제경영 Book Cafe] .. ..◆부의 대이동 ../부자들은 왜 달러와 금에 주목하는가/ ..세계 곳곳에서 코로나19 팬데믹으로 인해 ..'돈 풀기'가 시작됐다... 전 세계 부는 어디로 흘러갈 것인가 그리고 이 흐름 속에서 우리는 어디에 어떻게 투자해야 하는가 이 책은 세계 경제위기 속에 돈이 계속 풀려 나오는 상황에서 세계의 돈이 지금 ..
20200814,전자신문,윤건일,"전자부품연구원, '한국전자기술연구원'으로 새 출발…국문 명칭 변경",IT_과학>모바일,경제>자동차,경제>유통,"전자부품연구원(KETI)은 ..'한국전자기술연구원'으로 국문 명칭을 변경한다고 3일 밝혔다. .. ..연구원은 전자기술의 진화에 발맞춰 KETI의 연구역량도 소재부품단말뿐 아니라 스마트 시티제조에너지, 인공지능, 디지털미디어, 로봇 등으로 확대돼 명칭을 변경했다고 설명했다. .. ..KETI는 1991년 전자부품종합기술연구소로 출범했다... 전자.."
20200814,아주경제,김선국,"이노비즈협회, 2000명 규모 청년 디지털일자리사업 수행",경제>취업_창업,지역>경기,지역>울산,[사진=이노비즈협회] .. .. .. ..이노비즈협회(중소기업기술혁신협회)가 전국 1만8500여개 이노비즈기업을 대상으로 한 디지털 분야 일자리 창출 지원에 나선다... .. .. .. ..협회는 정보기술(IT) 관련 직무 신규 채용 시 1인당 6개월 간 최대 1140만원을 기업에 지원하는 ..‘청년 디지털 일자리사업’을 진행한다... .. .. .. ..
20200814,매일경제,김규리,"에이티세미콘 관계사, 日 이통사와 70억 규모 5G RF필터 계약 체결",경제>자동차,IT_과학>모바일,경제>반도체,"에이티세미콘은 관계사 이랑텍이 일본 이동통신사 KDDI와 70억원 규모의 5G 부품 공급 파트너십 계약을 체결했다고 3일 밝혔다... 이번 계약으로 이랑텍은 5G 공유기, 28밴드 공유기에 적용되는 ..'주파수 간섭 제거 RF(Radio Frequency)필터 솔루션'을 KDDI에 공급한다. ..이랑텍은 이동통신 기지국과 중계기 및 공유기 장비의 핵심 .."
20200814,부산일보,김상훈,[데스크 칼럼] 혼돈 속에서 새로운 질서 찾기,,,,"매주 출판사들이 보내주는 신간을 접한다... 전문성을 갖춘 저자들의 통찰력, 경험, 지식을 풀어낸 신간을 통해 사회 트렌드 변화를 보게 된다... .. .. .. .. 지난 3월 WHO(세계보건기구)의 코로나19 팬데믹 선언 이후 출판계에서는 ..‘포스트 코로나’를 주제로 다룬 책들이 꾸준히 발간되고 있다... 경제, 보건, 과학, 미래학 등 분야도 다.."
20200814,전북도민일보,이방희 기자,김현숙 새만금개발청장 신시도 자연휴양림 조성사업 현장 방문,지역>경기,지역>전북,지역>충남,"　김현숙 새만금개발청장은 3일 고군산군도 관문에 위치한 국립 신시도 자연휴양림 조성사업 현장을 찾아 사업현황을 확인하고, 코로나19 상황에서도 공사에 매진하고 있는 관계자들을 격려했다... .. .. ..김 청장은 ..“새만금 지역의 관광자원과 고군산군도의 수려한 해양경관들을 연계해 관광 시너지효과(상승효과)를 낼 수 있는 차별화된 명품 휴양림이 조성되.."
20200814,SBS,KBC 이상환,2023년 순천만서 국제정원박람회…이번엔 '도시 전역',지역>전남,지역>경남,지역>부산,"<앵커> .. .. .. .. .. ..순천만 국제정원박람회가 정부 승인을 받아 10년 만인 2023년, 다시 순천에서 개최됩니다... 10년 전 박람회가 국가정원 위주였다면, 이번에는 해안과 동천, 도심권까지 도시 전역으로 정원을 확대해 시민 주도의 박람회를 치르게 됩니다... .. .. .. .. .. ..KBC 이상환 기자의 보도입니다... .. .."
20200814,서울경제,박호현 기자,"에스퓨얼셀, LH주택공사에 수소연료전지 설치 등 업무협약",경제>산업_기업,경제>자원,지역>충남,"에스퓨얼셀(288620)이 한국토지주택공사와 분산전원체계 및 신재생에너지 확산을 위한 연료전지 기술 실증 업무협약에 나선다... .. .. .. ..3일 에스퓨얼셀은 한국토지주택공사와 LH의 공공건물, 수소시티, 제로에너지타운 등 건물에 연료전지를 설치해 신재생에너지 확대에 나선다고 밝혔다... .. .. .. ..정부는 지난해 수송경제 활성화 로드맵을.."
20200815,디지털타임스,김승룡,"동서발전, 5년간 신재생.수소와 디지털발전에 7조 투자해 일자리 3만8000개 창출 선언",경제>자원,지역>경기,경제>산업_기업,"한국동서발전은 정부의 ..'한국판 뉴딜' 정책에 맞춰 오는 2025년까지 약 7조원을 투자해 새 일자리 3만8000개를 창출할 계획이라고 3일 밝혔다. .. .. .. ..동서발전은 이날 본사 경영진과 간부, 현장 사업소장 전원이 화상으로 참여해 이같은 내용의 ..'동서발전형 뉴딜 종합계획'을 확정했다고 설명했다. .. .. .. ..회사는 ..▲신재생.."
20200815,디지털타임스,김승룡,"전자부품연구원, 창립 30주년 앞서 `한국전자기술연구원`으로 개명",IT_과학>모바일,IT_과학>과학,,전자부품연구원은(KETI)은 내년 창립 30주년에 앞서 연구원 이름을 ..'한국전자기술연구원'으로 변경했다고 3일 밝혔다. .. .. .. ..연구원은 1991년 설립부터 사용한 영문명칭인 ..'Korea Electronics Technology Institute'(KETI)와 같은 우리말 이름인 ..'한국전자기술연구원'으로 이름과 기업이미지(CI)를 ..
20200815,한국일보,이충재,[이충재 칼럼] 청와대의 민심 오독,정치>청와대,정치>선거,,◇김상조ㆍ홍남기 정책라인 상황 못 읽어 그린벨트 주식과세 문 대통령이 뒷수습 정국 주도권 민주당으로 이전 불가피 .. .. .. ..최근 들어 문재인 대통령이 정부 핵심 정책을 직접 뒤집는 일이 자주 일어나고 있다... 대통령이 몰랐으리라 보기 어려운 정책이 며칠 만에 백지화되는 것은 정상적 상황이 아니다... 국정 운영 시스템에 중대한 하자가 있다는 ..
20200815,아시아경제,김민영,"핀테크 넘어 테크핀으로' 하나금융, 카이스트·포스텍 '맞손'",경제>취업_창업,IT_과학>과학,IT_과학>모바일,"[아시아경제 김민영 기자] 하나금융그룹이 포항공대(포스텍), 카이스트와 ..‘테크핀(기술+금융)’ 산학협력센터를 만들기로 했다... .. .. .. ..하나금융은 3일과 4일 포스텍, 카이스트와 잇따라 업무협약을 맺고 포스트 신종 코로나바이러스감염증(코로나19) 시대 한국판 디지털 뉴딜을 적극 추진하기 위한 포괄적 산학협력에 나선다고 이날 밝혔다... .."
20200815,서울신문,이영준,"“로봇, 한국에선 도저히 못해… 거미줄 규제 걷어내야 혁신 날개”",IT_과학>과학,,,‘미래 보는 눈을 바꿔야 경제가 산다’라는 대명제에 동의하지 않는 국내 산업·기술인은 없었다... 미래 산업의 현주소를 짚어 본 결과 국내 중소기업과 스타트업·벤처가 보유한 기술력은 이미 세계 최고 수준에 올라 있었다... 하지만 대중화·상용화에서 아직 날개를 펴지 못하는 이유도 명확했다... 정부의 규제가 여전히 발목을 붙잡고 있다는 것이다... 전문..
20200815,한국경제,,[기고] 전기요금 개편 없는 '그린 뉴딜' 없다,경제>산업_기업,경제>자원,경제>유통,"얼마 전 정부는 ..‘한국판 그린 뉴딜’ 비전을 발표했다... 2025년까지 국비 42조7000억원을 포함한 73조4000억원을 투자하고, 일자리 65만9000개를 창출해 신종 코로나바이러스 감염증(코로나19) 이후 세계를 선도할 토대를 구축하겠다는 계획이다... 하지만 전기요금 체계를 어떻게 바꿔가겠다는 명확한 제시가 보이지 않아 ..‘과연 이 계획대.."
20200815,전자신문,윤희석,"[기자수첩]제조 中企, '스마트공장'을 생각할 때",경제>자동차,경제>반도체,경제>취업_창업,“스마트공장이요 안 그래도 어려운데 그런 걸 할 돈이 어디 있습니까.” .. ..최근 만난 한 중소 제조업체 임원은 ..'스마트공장' 이야기에 손사래부터 쳤다... 장기 불황에 코로나19 팬데믹(세계적 대유행)이 겹치며 경영 상황이 악화하는 상황에서 재원 마련이 어렵다고 했다. .. ..정부는 포스트 코로나 시대를 대비하기 위한 ..'한국판 뉴딜' 정..
20200815,강원도민일보,이세훈,강원도출신·연고 국회의원 당내·상임위 활동 '활발',정치>국회_정당,정치>행정_자치,정치>청와대,"21대 국회 개원 이후,도출신ㆍ연고 의원들이 각 당과 소속 상임위원회에서 활발하게 활동하고 있다... .. .. ..더불어민주당 이광재(원주 갑) 의원은 당내 미래전환 K-뉴딜위원회의 디지털분과위원장을 맡아 한국판 뉴딜 정책 지원사격에 적극 나섰다.이 의원은 3일 국회에서 간담회를 갖고 디지털ㆍ그린 융복합 과제인 스마트 그린산단ㆍ스마트 공장 조성안 등에.."
20200815,아시아경제,박철응,민주당 내년 예산에 지역상품권 대폭 확대…내수 대책 서둘러야,정치>행정_자치,경제>무역,경제>취업_창업,"[아시아경제 박철응 기자] 더불어민주당이 내년 예산에 지역사랑상품권을 대폭 확대하겠다고 밝혔다... 최근 한국 경제의 회복 신호가 나타나고 있으며, 이는 적극적인 재정 투입 정책이 뒷받침됐다는 분석을 전제로 하고 있다... .. .. .. ..김태년 민주당 원내대표는 4일 원내대책회의에서 ..지역상품권이 곳곳에서 완판되는 등 지역 경제에 활력을 불어넣.."
20200815,중도일보,임택 기자,"안산 수소에너지 메카 도약… TF 신설, 그린뉴딜 모색도",지역>경기,지역>충북,지역>충남,경기 안산시가 수소시범도시 사업과 수소충전 인프라 조성 등 선도적으로 추진 중인 수소산업 생태계 구축 사업을 위해 수소에너지 전담조직(TF)을 구성한다... 3일 시에 따르면 지난해 말 수소시범도시 선정과 함께 수소연료전지차 및 충전 인프라 구축 등 다양한 수소에너지 관련 사업이 추진되면서 업무의 전담화가 요구돼 왔다... 시는 기존 2개 부서가 안산도..
20200815,경인일보,김대현,안산시 수소산업 생태계 구축 사업 '전담조직' 구성,지역>경기,지역>경남,지역>제주,기존 이원화 된 업무 TF로 일원화 .. ..신재생에너지 전문인력 추가 채용 .. ..'안산형 그린뉴딜' 사업 발굴·추진 .. .. .. ..안산시가 수소시범도시와 수소충전 인프라 조성 등 수소산업 생태계 구축 사업을 위해 수소에너지 전담조직(TF)을 구성한다... .. .. .. ..안산시는 본청내 기존 2개 부서가 안산도시개발(주)와 함께 추진해오던..
